method,dataset,NDKL_Value,ULOSS_Value,WULOSS_Value,TIE_PROP,NOT_TIE_PROP,GFR
AVG,skewed_groups,0.4826029492624594,0.0,1.1102230246251565e-16,0.0,1.0,35.00385317267997
Worst,skewed_groups,0.4826029492624594,0.0,1.1102230246251565e-16,0.0,1.0,35.00385317267997
Fair-Break,skewed_groups,0.4826029492624594,0.0,1.1102230246251565e-16,0.0,1.0,35.00385317267997
Fair-Full,skewed_groups,0.0,0.99,0.99,0.0,1.0,35.00385317267997
VanillaMC,skewed_groups,0.4826029492624594,0.0,1.1102230246251565e-16,0.0,1.0,35.00385317267997
FairMC,skewed_groups,0.14226102700842297,0.88,0.88,0.0,1.0,35.00385317267997
EPIRA-Break,skewed_groups,0.4826029492624594,0.0,1.1102230246251565e-16,0.0,1.0,35.00385317267997
EPIRA-Full,skewed_groups,0.2317451881683128,0.55,0.5499999999999999,0.0,1.0,35.00385317267997
Epsilon-Break,skewed_groups,0.4826029492624594,0.0,1.1102230246251565e-16,0.0,1.0,35.00385317267997
Epsilon-Full,skewed_groups,0.16026595221408227,0.75,0.75,0.0,1.0,35.00385317267997
AVG,skewed_groups,0.4826029492624594,0.0,1.1102230246251565e-16,0.1,0.9,31.884697939470872
Worst,skewed_groups,0.4826029492624594,0.0,1.1102230246251565e-16,0.1,0.9,31.884697939470872
Fair-Break,skewed_groups,0.4826029492624594,0.0,1.1102230246251565e-16,0.1,0.9,31.884697939470872
Fair-Full,skewed_groups,0.0,0.9868131868131869,0.97,0.1,0.9,31.884697939470872
VanillaMC,skewed_groups,0.4826029492624594,0.0,1.1102230246251565e-16,0.1,0.9,31.884697939470872
FairMC,skewed_groups,0.17078982227645484,0.8681318681318682,0.88,0.1,0.9,31.884697939470872
EPIRA-Break,skewed_groups,0.4826029492624594,0.0,1.1102230246251565e-16,0.1,0.9,31.884697939470872
EPIRA-Full,skewed_groups,0.2317451881683128,0.4989010989010989,0.49,0.1,0.9,31.884697939470872
Epsilon-Break,skewed_groups,0.4826029492624594,0.0,1.1102230246251565e-16,0.1,0.9,31.884697939470872
Epsilon-Full,skewed_groups,0.16026595221408227,0.7538461538461538,0.74,0.1,0.9,31.884697939470872
AVG,skewed_groups,0.4826029492624594,0.0,0.0,0.2,0.8,28.41896990257186
Worst,skewed_groups,0.4826029492624594,0.0,0.0,0.2,0.8,28.41896990257186
Fair-Break,skewed_groups,0.4826029492624594,0.0,0.0,0.2,0.8,28.41896990257186
Fair-Full,skewed_groups,0.0,0.9950617283950617,0.9199999999999999,0.2,0.8,28.41896990257186
VanillaMC,skewed_groups,0.4826029492624594,0.0,0.0,0.2,0.8,28.41896990257186
FairMC,skewed_groups,0.20050518006120133,0.8475308641975309,0.81,0.2,0.8,28.41896990257186
EPIRA-Break,skewed_groups,0.4826029492624594,0.0,0.0,0.2,0.8,28.41896990257186
EPIRA-Full,skewed_groups,0.2317451881683128,0.4345679012345679,0.3899999999999999,0.2,0.8,28.41896990257186
Epsilon-Break,skewed_groups,0.4826029492624594,0.0,0.0,0.2,0.8,28.41896990257186
Epsilon-Full,skewed_groups,0.16026595221408227,0.745679012345679,0.6799999999999999,0.2,0.8,28.41896990257186
AVG,skewed_groups,0.4826029492624594,0.0,0.0,0.3,0.7,24.953241865672847
Worst,skewed_groups,0.4826029492624594,0.0,0.0,0.3,0.7,24.953241865672847
Fair-Break,skewed_groups,0.4826029492624594,0.0,0.0,0.3,0.7,24.953241865672847
Fair-Full,skewed_groups,0.0,0.9943661971830986,0.88,0.3,0.7,24.953241865672847
VanillaMC,skewed_groups,0.4826029492624594,0.0,0.0,0.3,0.7,24.953241865672847
FairMC,skewed_groups,0.23448025310138315,0.8244131455399061,0.74,0.3,0.7,24.953241865672847
EPIRA-Break,skewed_groups,0.4826029492624594,0.0,0.0,0.3,0.7,24.953241865672847
EPIRA-Full,skewed_groups,0.2317451881683128,0.35399061032863854,0.2899999999999999,0.3,0.7,24.953241865672847
Epsilon-Break,skewed_groups,0.4826029492624594,0.0,0.0,0.3,0.7,24.953241865672847
Epsilon-Full,skewed_groups,0.16026595221408227,0.7793427230046949,0.65,0.3,0.7,24.953241865672847
AVG,skewed_groups,0.4826029492624594,0.0,0.0,0.4,0.6,21.487513828773846
Worst,skewed_groups,0.4826029492624594,0.0,0.0,0.4,0.6,21.487513828773846
Fair-Break,skewed_groups,0.4826029492624594,0.0,0.0,0.4,0.6,21.487513828773846
Fair-Full,skewed_groups,0.0,0.9930327868852459,0.83,0.4,0.6,21.487513828773846
VanillaMC,skewed_groups,0.4826029492624594,0.0,0.0,0.4,0.6,21.487513828773846
FairMC,skewed_groups,0.26296219001995297,0.794672131147541,0.6699999999999999,0.4,0.6,21.487513828773846
EPIRA-Break,skewed_groups,0.4826029492624594,0.0,0.0,0.4,0.6,21.487513828773846
EPIRA-Full,skewed_groups,0.2317451881683128,0.24795081967213117,0.19999999999999996,0.4,0.6,21.487513828773846
Epsilon-Break,skewed_groups,0.4826029492624594,0.0,0.0,0.4,0.6,21.487513828773846
Epsilon-Full,skewed_groups,0.16026595221408227,0.7758196721311476,0.6,0.4,0.6,21.487513828773846
AVG,skewed_groups,0.4826029492624594,0.0,0.0,0.5,0.5,18.021785791874837
Worst,skewed_groups,0.4826029492624594,0.0,0.0,0.5,0.5,18.021785791874837
Fair-Break,skewed_groups,0.4826029492624594,0.0,0.0,0.5,0.5,18.021785791874837
Fair-Full,skewed_groups,0.0,0.9901960784313726,0.75,0.5,0.5,18.021785791874837
VanillaMC,skewed_groups,0.4826029492624594,0.0,0.0,0.5,0.5,18.021785791874837
FairMC,skewed_groups,0.2930274156764391,0.44000000000000006,0.43999999999999995,0.5,0.5,18.021785791874837
EPIRA-Break,skewed_groups,0.4826029492624594,0.0,0.0,0.5,0.5,18.021785791874837
EPIRA-Full,skewed_groups,0.2317451881683128,0.09999999999999998,0.09999999999999987,0.5,0.5,18.021785791874837
Epsilon-Break,skewed_groups,0.4826029492624594,0.0,0.0,0.5,0.5,18.021785791874837
Epsilon-Full,skewed_groups,0.16026595221408227,0.7717647058823529,0.5700000000000001,0.5,0.5,18.021785791874837
AVG,skewed_groups,0.17997670128679866,0.0,0.0,0.6,0.4,14.545068494135228
Worst,skewed_groups,0.4826029492624594,0.0,0.0,0.6,0.4,14.545068494135228
Fair-Break,skewed_groups,0.06020483074496718,0.0,0.0,0.6,0.4,14.545068494135228
Fair-Full,skewed_groups,0.0,0.959349593495935,0.5900000000000001,0.6,0.4,14.545068494135228
VanillaMC,skewed_groups,0.15695406005972307,0.0,0.0,0.6,0.4,14.545068494135228
FairMC,skewed_groups,0.22872854839002138,0.0,0.0,0.6,0.4,14.545068494135228
EPIRA-Break,skewed_groups,0.17997670128679866,0.0,0.0,0.6,0.4,14.545068494135228
EPIRA-Full,skewed_groups,0.16066209695684666,0.0,0.0,0.6,0.4,14.545068494135228
Epsilon-Break,skewed_groups,0.12913122435754923,0.0,0.0,0.6,0.4,14.545068494135228
Epsilon-Full,skewed_groups,0.03649893932319413,0.7626016260162602,0.4700000000000001,0.6,0.4,14.545068494135228
AVG,skewed_groups,0.06253229692592549,0.0,0.0,0.7,0.30000000000000004,11.0710307491833
Worst,skewed_groups,0.4826029492624594,0.0,0.0,0.7,0.30000000000000004,11.0710307491833
Fair-Break,skewed_groups,0.015160217954850178,0.0,0.0,0.7,0.30000000000000004,11.0710307491833
Fair-Full,skewed_groups,0.0,0.9746543778801844,0.45000000000000007,0.7,0.30000000000000004,11.0710307491833
VanillaMC,skewed_groups,0.05194608507280229,0.0,0.0,0.7,0.30000000000000004,11.0710307491833
FairMC,skewed_groups,0.27994686650636247,0.0,0.0,0.7,0.30000000000000004,11.0710307491833
EPIRA-Break,skewed_groups,0.06253229692592549,0.0,0.0,0.7,0.30000000000000004,11.0710307491833
EPIRA-Full,skewed_groups,0.11246704589422135,0.0,0.0,0.7,0.30000000000000004,11.0710307491833
Epsilon-Break,skewed_groups,0.1429441793887576,0.0,0.0,0.7,0.30000000000000004,11.0710307491833
Epsilon-Full,skewed_groups,0.10570940852854478,0.747926267281106,0.3600000000000001,0.7,0.30000000000000004,11.0710307491833
AVG,skewed_groups,0.027389838636494898,0.0,0.0,0.8,0.19999999999999996,7.593098744442973
Worst,skewed_groups,0.4826029492624594,0.0,0.0,0.8,0.19999999999999996,7.593098744442973
Fair-Break,skewed_groups,0.00312284288962548,0.0,0.0,0.8,0.19999999999999996,7.593098744442973
Fair-Full,skewed_groups,0.0,0.9583333333333334,0.29999999999999993,0.8,0.19999999999999996,7.593098744442973
VanillaMC,skewed_groups,0.30873036020123334,0.0,0.0,0.8,0.19999999999999996,7.593098744442973
FairMC,skewed_groups,0.34773479706976035,0.0,0.0,0.8,0.19999999999999996,7.593098744442973
EPIRA-Break,skewed_groups,0.027389838636494898,0.0,0.0,0.8,0.19999999999999996,7.593098744442973
EPIRA-Full,skewed_groups,0.09054627496738164,0.0,0.0,0.8,0.19999999999999996,7.593098744442973
Epsilon-Break,skewed_groups,0.03296648140443462,0.0,0.0,0.8,0.19999999999999996,7.593098744442973
Epsilon-Full,skewed_groups,0.02634145789167636,0.7666666666666666,0.23999999999999988,0.8,0.19999999999999996,7.593098744442973
AVG,skewed_groups,0.10883192303261904,0.0,0.0,0.9,0.09999999999999998,4.096422734764315
Worst,skewed_groups,0.4826029492624594,0.0,0.0,0.9,0.09999999999999998,4.096422734764315
Fair-Break,skewed_groups,0.0002963095806166986,0.0,0.0,0.9,0.09999999999999998,4.096422734764315
Fair-Full,skewed_groups,0.0,0.8232323232323232,0.14,0.9,0.09999999999999998,4.096422734764315
VanillaMC,skewed_groups,0.30166723169636195,0.0,0.0,0.9,0.09999999999999998,4.096422734764315
FairMC,skewed_groups,0.4164960078764892,0.0,0.0,0.9,0.09999999999999998,4.096422734764315
EPIRA-Break,skewed_groups,0.02758209165477238,0.0,0.0,0.9,0.09999999999999998,4.096422734764315
EPIRA-Full,skewed_groups,0.17112178613367027,0.0,0.0,0.9,0.09999999999999998,4.096422734764315
Epsilon-Break,skewed_groups,0.08357062753261628,0.0,0.0,0.9,0.09999999999999998,4.096422734764315
Epsilon-Full,skewed_groups,0.08225904299692231,0.9181818181818182,0.18999999999999995,0.9,0.09999999999999998,4.096422734764315
AVG,skewed_groups,0.014496948357057185,0.0,0.0,1.0,0.0,0.0
Worst,skewed_groups,0.4826029492624594,0.0,0.0,1.0,0.0,0.0
Fair-Break,skewed_groups,0.0,0.0,0.0,1.0,0.0,0.0
Fair-Full,skewed_groups,0.0,0.0,0.0,1.0,0.0,0.0
VanillaMC,skewed_groups,0.004633578480902124,0.0,0.0,1.0,0.0,0.0
FairMC,skewed_groups,0.004633578480902124,0.0,0.0,1.0,0.0,0.0
EPIRA-Break,skewed_groups,0.014496948357057185,0.0,0.0,1.0,0.0,0.0
EPIRA-Full,skewed_groups,0.23677283337989546,0.0,0.0,1.0,0.0,0.0
Epsilon-Break,skewed_groups,0.0037956557644743868,0.0,0.0,1.0,0.0,0.0
Epsilon-Full,skewed_groups,0.0037956557644743868,0.0,0.0,1.0,0.0,0.0
AVG,alternating_groups,0.1743650961307553,0.0,1.1102230246251565e-16,0.0,1.0,35.00385317267997
Worst,alternating_groups,0.1743650961307553,0.0,1.1102230246251565e-16,0.0,1.0,35.00385317267997
Fair-Break,alternating_groups,0.1743650961307553,0.0,1.1102230246251565e-16,0.0,1.0,35.00385317267997
Fair-Full,alternating_groups,0.004463266335925586,0.99,0.99,0.0,1.0,35.00385317267997
VanillaMC,alternating_groups,0.1743650961307553,0.0,1.1102230246251565e-16,0.0,1.0,35.00385317267997
FairMC,alternating_groups,0.17087237699435634,0.79,0.79,0.0,1.0,35.00385317267997
EPIRA-Break,alternating_groups,0.1743650961307553,0.0,1.1102230246251565e-16,0.0,1.0,35.00385317267997
EPIRA-Full,alternating_groups,0.05331726419127638,0.10999999999999999,0.1100000000000001,0.0,1.0,35.00385317267997
Epsilon-Break,alternating_groups,0.1743650961307553,0.0,1.1102230246251565e-16,0.0,1.0,35.00385317267997
Epsilon-Full,alternating_groups,0.010584408882363311,0.75,0.75,0.0,1.0,35.00385317267997
AVG,alternating_groups,0.1743650961307553,0.0,1.1102230246251565e-16,0.1,0.9,31.884697939470872
Worst,alternating_groups,0.1743650961307553,0.0,1.1102230246251565e-16,0.1,0.9,31.884697939470872
Fair-Break,alternating_groups,0.1743650961307553,0.0,1.1102230246251565e-16,0.1,0.9,31.884697939470872
Fair-Full,alternating_groups,0.004463266335925586,0.9835164835164835,0.94,0.1,0.9,31.884697939470872
VanillaMC,alternating_groups,0.1743650961307553,0.0,1.1102230246251565e-16,0.1,0.9,31.884697939470872
FairMC,alternating_groups,0.17087237699435634,0.8681318681318682,0.79,0.1,0.9,31.884697939470872
EPIRA-Break,alternating_groups,0.1743650961307553,0.0,1.1102230246251565e-16,0.1,0.9,31.884697939470872
EPIRA-Full,alternating_groups,0.05331726419127638,0.012087912087912045,0.02000000000000013,0.1,0.9,31.884697939470872
Epsilon-Break,alternating_groups,0.1743650961307553,0.0,1.1102230246251565e-16,0.1,0.9,31.884697939470872
Epsilon-Full,alternating_groups,0.010584408882363311,0.7538461538461538,0.74,0.1,0.9,31.884697939470872
AVG,alternating_groups,0.07268612703853437,0.0,0.0,0.2,0.8,28.41041254939433
Worst,alternating_groups,0.1743650961307553,0.0,0.0,0.2,0.8,28.41041254939433
Fair-Break,alternating_groups,0.005841378485701092,0.0,0.0,0.2,0.8,28.41041254939433
Fair-Full,alternating_groups,0.002145747417878047,0.9388888888888889,0.77,0.2,0.8,28.41041254939433
VanillaMC,alternating_groups,0.01643042614645813,0.0,0.0,0.2,0.8,28.41041254939433
FairMC,alternating_groups,0.17303444908784585,0.3580246913580247,0.29000000000000004,0.2,0.8,28.41041254939433
EPIRA-Break,alternating_groups,0.01894446380190662,0.0,0.0,0.2,0.8,28.41041254939433
EPIRA-Full,alternating_groups,0.048058758625864215,0.0,0.0,0.2,0.8,28.41041254939433
Epsilon-Break,alternating_groups,0.017080424750636345,0.0,0.0,0.2,0.8,28.41041254939433
Epsilon-Full,alternating_groups,0.012355932198473195,0.745679012345679,0.6799999999999999,0.2,0.8,28.41041254939433
AVG,alternating_groups,0.07302359561860124,0.0,0.0,0.3,0.7,24.944276899378583
Worst,alternating_groups,0.26675198006404416,0.0,0.0,0.3,0.7,24.944276899378583
Fair-Break,alternating_groups,0.005841378485701092,0.0,0.0,0.3,0.7,24.944276899378583
Fair-Full,alternating_groups,0.00041953395269559395,0.9892018779342723,0.77,0.3,0.7,24.944276899378583
VanillaMC,alternating_groups,0.05061425989729989,0.0,0.0,0.3,0.7,24.944276899378583
FairMC,alternating_groups,0.1731606141280095,0.8450704225352113,0.6000000000000001,0.3,0.7,24.944276899378583
EPIRA-Break,alternating_groups,0.07302359561860124,0.0,0.0,0.3,0.7,24.944276899378583
EPIRA-Full,alternating_groups,0.044043031583656,0.0,0.0,0.3,0.7,24.944276899378583
Epsilon-Break,alternating_groups,0.07459446530938772,0.0,0.0,0.3,0.7,24.944276899378583
Epsilon-Full,alternating_groups,0.06517849378562196,0.7793427230046949,0.65,0.3,0.7,24.944276899378583
AVG,alternating_groups,0.1025107265952703,0.0,0.0,0.4,0.6,21.476150786029915
Worst,alternating_groups,0.26675198006404416,0.0,0.0,0.4,0.6,21.476150786029915
Fair-Break,alternating_groups,0.001965331512531838,0.0,0.0,0.4,0.6,21.476150786029915
Fair-Full,alternating_groups,0.00017727011377350008,0.9852459016393442,0.6399999999999999,0.4,0.6,21.476150786029915
VanillaMC,alternating_groups,0.017439959175737357,0.0,0.0,0.4,0.6,21.476150786029915
FairMC,alternating_groups,0.26649926040271077,0.21311475409836067,0.1299999999999999,0.4,0.6,21.476150786029915
EPIRA-Break,alternating_groups,0.02126089521742361,0.0,0.0,0.4,0.6,21.476150786029915
EPIRA-Full,alternating_groups,0.046272302879013585,0.0,0.0,0.4,0.6,21.476150786029915
Epsilon-Break,alternating_groups,0.004668281027969085,0.0,0.0,0.4,0.6,21.476150786029915
Epsilon-Full,alternating_groups,0.0034433182045438466,0.7758196721311476,0.6,0.4,0.6,21.476150786029915
AVG,alternating_groups,0.18611531412974908,0.0,0.0,0.5,0.5,18.008589515445202
Worst,alternating_groups,0.34543363378589875,0.0,0.0,0.5,0.5,18.008589515445202
Fair-Break,alternating_groups,0.001965331512531838,0.0,0.0,0.5,0.5,18.008589515445202
Fair-Full,alternating_groups,0.0009560295974880261,0.9827450980392157,0.56,0.5,0.5,18.008589515445202
VanillaMC,alternating_groups,0.022494068584970252,0.0,0.0,0.5,0.5,18.008589515445202
FairMC,alternating_groups,0.2660914735839477,0.7843137254901961,0.4,0.5,0.5,18.008589515445202
EPIRA-Break,alternating_groups,0.08888892703266639,0.0,0.0,0.5,0.5,18.008589515445202
EPIRA-Full,alternating_groups,0.02516605530442756,0.0,0.0,0.5,0.5,18.008589515445202
Epsilon-Break,alternating_groups,0.021257282739464246,0.0,0.0,0.5,0.5,18.008589515445202
Epsilon-Full,alternating_groups,0.0049520249880478425,0.7717647058823529,0.5700000000000001,0.5,0.5,18.008589515445202
AVG,alternating_groups,0.054345112656387654,0.0,0.0,0.6,0.4,14.539151764551935
Worst,alternating_groups,0.34543363378589875,0.0,0.0,0.6,0.4,14.539151764551935
Fair-Break,alternating_groups,0.0008216796057638265,0.0,0.0,0.6,0.4,14.539151764551935
Fair-Full,alternating_groups,0.0024328362455518135,0.9528455284552846,0.43000000000000005,0.6,0.4,14.539151764551935
VanillaMC,alternating_groups,0.07340967054366185,0.0,0.0,0.6,0.4,14.539151764551935
FairMC,alternating_groups,0.3453469338022131,0.14634146341463417,0.06000000000000005,0.6,0.4,14.539151764551935
EPIRA-Break,alternating_groups,0.044859115478872266,0.0,0.0,0.6,0.4,14.539151764551935
EPIRA-Full,alternating_groups,0.03800386222603752,0.0,0.0,0.6,0.4,14.539151764551935
Epsilon-Break,alternating_groups,0.03578080452496148,0.0,0.0,0.6,0.4,14.539151764551935
Epsilon-Full,alternating_groups,0.012330343946128032,0.7626016260162602,0.4700000000000001,0.6,0.4,14.539151764551935
AVG,alternating_groups,0.14346632227448222,0.0,0.0,0.7,0.30000000000000004,11.068300475058042
Worst,alternating_groups,0.4164960078764892,0.0,0.0,0.7,0.30000000000000004,11.068300475058042
Fair-Break,alternating_groups,0.0008216796057638265,0.0,0.0,0.7,0.30000000000000004,11.068300475058042
Fair-Full,alternating_groups,2.8880163971060425e-05,0.9700460829493087,0.35,0.7,0.30000000000000004,11.068300475058042
VanillaMC,alternating_groups,0.0964629385228193,0.0,0.0,0.7,0.30000000000000004,11.068300475058042
FairMC,alternating_groups,0.34515990363561194,0.6451612903225806,0.20000000000000007,0.7,0.30000000000000004,11.068300475058042
EPIRA-Break,alternating_groups,0.07631959588988028,0.0,0.0,0.7,0.30000000000000004,11.068300475058042
EPIRA-Full,alternating_groups,0.046269865059384595,0.0,0.0,0.7,0.30000000000000004,11.068300475058042
Epsilon-Break,alternating_groups,0.09263471413702329,0.0,0.0,0.7,0.30000000000000004,11.068300475058042
Epsilon-Full,alternating_groups,0.023843550623768115,0.747926267281106,0.3600000000000001,0.7,0.30000000000000004,11.068300475058042
AVG,alternating_groups,0.05201581923565175,0.0,0.0,0.8,0.19999999999999996,7.591594747493064
Worst,alternating_groups,0.4164960078764892,0.0,0.0,0.8,0.19999999999999996,7.591594747493064
Fair-Break,alternating_groups,0.0002963095806166986,0.0,0.0,0.8,0.19999999999999996,7.591594747493064
Fair-Full,alternating_groups,7.48715365060231e-06,0.9047619047619048,0.18999999999999995,0.8,0.19999999999999996,7.591594747493064
VanillaMC,alternating_groups,0.012125069110696975,0.0,0.0,0.8,0.19999999999999996,7.591594747493064
FairMC,alternating_groups,0.41646470913088707,0.09523809523809523,0.019999999999999907,0.8,0.19999999999999996,7.591594747493064
EPIRA-Break,alternating_groups,0.04561677303446488,0.0,0.0,0.8,0.19999999999999996,7.591594747493064
EPIRA-Full,alternating_groups,0.07288334402364113,0.0,0.0,0.8,0.19999999999999996,7.591594747493064
Epsilon-Break,alternating_groups,0.06386917194438438,0.0,0.0,0.8,0.19999999999999996,7.591594747493064
Epsilon-Full,alternating_groups,0.058144225218155765,0.7666666666666666,0.23999999999999988,0.8,0.19999999999999996,7.591594747493064
AVG,alternating_groups,0.17392767792756642,0.0,0.0,0.9,0.09999999999999998,4.096422734764315
Worst,alternating_groups,0.4826029492624594,0.0,0.0,0.9,0.09999999999999998,4.096422734764315
Fair-Break,alternating_groups,0.0002963095806166986,0.0,0.0,0.9,0.09999999999999998,4.096422734764315
Fair-Full,alternating_groups,0.0,0.8232323232323232,0.14,0.9,0.09999999999999998,4.096422734764315
VanillaMC,alternating_groups,0.21948576077473084,0.0,0.0,0.9,0.09999999999999998,4.096422734764315
FairMC,alternating_groups,0.4164960078764892,0.0,0.0,0.9,0.09999999999999998,4.096422734764315
EPIRA-Break,alternating_groups,0.0926778465497197,0.0,0.0,0.9,0.09999999999999998,4.096422734764315
EPIRA-Full,alternating_groups,0.054895451984983024,0.0,0.0,0.9,0.09999999999999998,4.096422734764315
Epsilon-Break,alternating_groups,0.07640543091075462,0.0,0.0,0.9,0.09999999999999998,4.096422734764315
Epsilon-Full,alternating_groups,0.069458620399736,0.9181818181818182,0.18999999999999995,0.9,0.09999999999999998,4.096422734764315
AVG,alternating_groups,0.14376919062862,0.0,0.0,1.0,0.0,0.0
Worst,alternating_groups,0.4826029492624594,0.0,0.0,1.0,0.0,0.0
Fair-Break,alternating_groups,0.0,0.0,0.0,1.0,0.0,0.0
Fair-Full,alternating_groups,0.0,0.0,0.0,1.0,0.0,0.0
VanillaMC,alternating_groups,0.0805789543806976,0.0,0.0,1.0,0.0,0.0
FairMC,alternating_groups,0.0805789543806976,0.0,0.0,1.0,0.0,0.0
EPIRA-Break,alternating_groups,0.048911568818081536,0.0,0.0,1.0,0.0,0.0
EPIRA-Full,alternating_groups,0.0722715250181859,0.0,0.0,1.0,0.0,0.0
Epsilon-Break,alternating_groups,0.10581758824438754,0.0,0.0,1.0,0.0,0.0
Epsilon-Full,alternating_groups,0.10581758824438754,0.0,0.0,1.0,0.0,0.0
AVG,skewed_groups,0.4826029492624594,0.0,1.1102230246251565e-16,0.0,1.0,35.00385317267997
Worst,skewed_groups,0.4826029492624594,0.0,1.1102230246251565e-16,0.0,1.0,35.00385317267997
Fair-Break,skewed_groups,0.4826029492624594,0.0,1.1102230246251565e-16,0.0,1.0,35.00385317267997
Fair-Full,skewed_groups,0.0,0.98,0.98,0.0,1.0,35.00385317267997
VanillaMC,skewed_groups,0.4826029492624594,0.0,1.1102230246251565e-16,0.0,1.0,35.00385317267997
FairMC,skewed_groups,0.14226102700842297,0.88,0.88,0.0,1.0,35.00385317267997
EPIRA-Break,skewed_groups,0.4826029492624594,0.0,1.1102230246251565e-16,0.0,1.0,35.00385317267997
EPIRA-Full,skewed_groups,0.2317451881683128,0.55,0.5499999999999999,0.0,1.0,35.00385317267997
Epsilon-Break,skewed_groups,0.4826029492624594,0.0,1.1102230246251565e-16,0.0,1.0,35.00385317267997
Epsilon-Full,skewed_groups,0.07219727576583024,0.8,0.8,0.0,1.0,35.00385317267997
AVG,skewed_groups,0.4826029492624594,0.0,1.1102230246251565e-16,0.1,0.9,31.884697939470872
Worst,skewed_groups,0.4826029492624594,0.0,1.1102230246251565e-16,0.1,0.9,31.884697939470872
Fair-Break,skewed_groups,0.4826029492624594,0.0,1.1102230246251565e-16,0.1,0.9,31.884697939470872
Fair-Full,skewed_groups,0.0,0.9758241758241758,0.96,0.1,0.9,31.884697939470872
VanillaMC,skewed_groups,0.4826029492624594,0.0,1.1102230246251565e-16,0.1,0.9,31.884697939470872
FairMC,skewed_groups,0.17078982227645484,0.8681318681318682,0.88,0.1,0.9,31.884697939470872
EPIRA-Break,skewed_groups,0.4826029492624594,0.0,1.1102230246251565e-16,0.1,0.9,31.884697939470872
EPIRA-Full,skewed_groups,0.2317451881683128,0.4989010989010989,0.49,0.1,0.9,31.884697939470872
Epsilon-Break,skewed_groups,0.4826029492624594,0.0,1.1102230246251565e-16,0.1,0.9,31.884697939470872
Epsilon-Full,skewed_groups,0.07219727576583024,0.8,0.8,0.1,0.9,31.884697939470872
AVG,skewed_groups,0.4826029492624594,0.0,0.0,0.2,0.8,28.41896990257186
Worst,skewed_groups,0.4826029492624594,0.0,0.0,0.2,0.8,28.41896990257186
Fair-Break,skewed_groups,0.4826029492624594,0.0,0.0,0.2,0.8,28.41896990257186
Fair-Full,skewed_groups,0.0,0.9950617283950617,0.9199999999999999,0.2,0.8,28.41896990257186
VanillaMC,skewed_groups,0.4826029492624594,0.0,0.0,0.2,0.8,28.41896990257186
FairMC,skewed_groups,0.20050518006120133,0.8475308641975309,0.81,0.2,0.8,28.41896990257186
EPIRA-Break,skewed_groups,0.4826029492624594,0.0,0.0,0.2,0.8,28.41896990257186
EPIRA-Full,skewed_groups,0.2317451881683128,0.4345679012345679,0.3899999999999999,0.2,0.8,28.41896990257186
Epsilon-Break,skewed_groups,0.4826029492624594,0.0,0.0,0.2,0.8,28.41896990257186
Epsilon-Full,skewed_groups,0.07219727576583024,0.7746913580246914,0.77,0.2,0.8,28.41896990257186
AVG,skewed_groups,0.4826029492624594,0.0,0.0,0.3,0.7,24.953241865672847
Worst,skewed_groups,0.4826029492624594,0.0,0.0,0.3,0.7,24.953241865672847
Fair-Break,skewed_groups,0.4826029492624594,0.0,0.0,0.3,0.7,24.953241865672847
Fair-Full,skewed_groups,0.0,0.9943661971830986,0.88,0.3,0.7,24.953241865672847
VanillaMC,skewed_groups,0.4826029492624594,0.0,0.0,0.3,0.7,24.953241865672847
FairMC,skewed_groups,0.23448025310138315,0.8244131455399061,0.74,0.3,0.7,24.953241865672847
EPIRA-Break,skewed_groups,0.4826029492624594,0.0,0.0,0.3,0.7,24.953241865672847
EPIRA-Full,skewed_groups,0.2317451881683128,0.35399061032863854,0.2899999999999999,0.3,0.7,24.953241865672847
Epsilon-Break,skewed_groups,0.4826029492624594,0.0,0.0,0.3,0.7,24.953241865672847
Epsilon-Full,skewed_groups,0.07219727576583024,0.7976525821596244,0.75,0.3,0.7,24.953241865672847
AVG,skewed_groups,0.4826029492624594,0.0,0.0,0.4,0.6,21.487513828773846
Worst,skewed_groups,0.4826029492624594,0.0,0.0,0.4,0.6,21.487513828773846
Fair-Break,skewed_groups,0.4826029492624594,0.0,0.0,0.4,0.6,21.487513828773846
Fair-Full,skewed_groups,0.0,0.9930327868852459,0.83,0.4,0.6,21.487513828773846
VanillaMC,skewed_groups,0.4826029492624594,0.0,0.0,0.4,0.6,21.487513828773846
FairMC,skewed_groups,0.26296219001995297,0.794672131147541,0.6699999999999999,0.4,0.6,21.487513828773846
EPIRA-Break,skewed_groups,0.4826029492624594,0.0,0.0,0.4,0.6,21.487513828773846
EPIRA-Full,skewed_groups,0.2317451881683128,0.24795081967213117,0.19999999999999996,0.4,0.6,21.487513828773846
Epsilon-Break,skewed_groups,0.4826029492624594,0.0,0.0,0.4,0.6,21.487513828773846
Epsilon-Full,skewed_groups,0.07219727576583024,0.8266393442622951,0.67,0.4,0.6,21.487513828773846
AVG,skewed_groups,0.4826029492624594,0.0,0.0,0.5,0.5,18.021785791874837
Worst,skewed_groups,0.4826029492624594,0.0,0.0,0.5,0.5,18.021785791874837
Fair-Break,skewed_groups,0.4826029492624594,0.0,0.0,0.5,0.5,18.021785791874837
Fair-Full,skewed_groups,0.0,0.9901960784313726,0.75,0.5,0.5,18.021785791874837
VanillaMC,skewed_groups,0.4826029492624594,0.0,0.0,0.5,0.5,18.021785791874837
FairMC,skewed_groups,0.2930274156764391,0.44000000000000006,0.43999999999999995,0.5,0.5,18.021785791874837
EPIRA-Break,skewed_groups,0.4826029492624594,0.0,0.0,0.5,0.5,18.021785791874837
EPIRA-Full,skewed_groups,0.2317451881683128,0.09999999999999998,0.09999999999999987,0.5,0.5,18.021785791874837
Epsilon-Break,skewed_groups,0.4826029492624594,0.0,0.0,0.5,0.5,18.021785791874837
Epsilon-Full,skewed_groups,0.07219727576583024,0.8701960784313726,0.63,0.5,0.5,18.021785791874837
AVG,skewed_groups,0.13348112964867453,0.0,0.0,0.6,0.4,14.545068494135228
Worst,skewed_groups,0.4826029492624594,0.0,0.0,0.6,0.4,14.545068494135228
Fair-Break,skewed_groups,0.06020483074496718,0.0,0.0,0.6,0.4,14.545068494135228
Fair-Full,skewed_groups,0.0,0.9349593495934959,0.5800000000000001,0.6,0.4,14.545068494135228
VanillaMC,skewed_groups,0.19367257674949886,0.0,0.0,0.6,0.4,14.545068494135228
FairMC,skewed_groups,0.22872854839002138,0.0,0.0,0.6,0.4,14.545068494135228
EPIRA-Break,skewed_groups,0.16738834399108035,0.0,0.0,0.6,0.4,14.545068494135228
EPIRA-Full,skewed_groups,0.16066209695684666,0.0,0.0,0.6,0.4,14.545068494135228
Epsilon-Break,skewed_groups,0.15810361734700634,0.0,0.0,0.6,0.4,14.545068494135228
Epsilon-Full,skewed_groups,0.06825089049138308,0.9097560975609756,0.55,0.6,0.4,14.545068494135228
AVG,skewed_groups,0.0281415033862945,0.0,0.0,0.7,0.30000000000000004,11.0710307491833
Worst,skewed_groups,0.4826029492624594,0.0,0.0,0.7,0.30000000000000004,11.0710307491833
Fair-Break,skewed_groups,0.015160217954850178,0.0,0.0,0.7,0.30000000000000004,11.0710307491833
Fair-Full,skewed_groups,0.0,0.9746543778801844,0.45000000000000007,0.7,0.30000000000000004,11.0710307491833
VanillaMC,skewed_groups,0.039928779042930004,0.0,0.0,0.7,0.30000000000000004,11.0710307491833
FairMC,skewed_groups,0.27994686650636247,0.0,0.0,0.7,0.30000000000000004,11.0710307491833
EPIRA-Break,skewed_groups,0.0281415033862945,0.0,0.0,0.7,0.30000000000000004,11.0710307491833
EPIRA-Full,skewed_groups,0.11246704589422135,0.0,0.0,0.7,0.30000000000000004,11.0710307491833
Epsilon-Break,skewed_groups,0.024868686014210776,0.0,0.0,0.7,0.30000000000000004,11.0710307491833
Epsilon-Full,skewed_groups,0.1064946826981189,0.9423963133640553,0.44000000000000006,0.7,0.30000000000000004,11.0710307491833
AVG,skewed_groups,0.07335770107847985,0.0,0.0,0.8,0.19999999999999996,7.593098744442973
Worst,skewed_groups,0.4826029492624594,0.0,0.0,0.8,0.19999999999999996,7.593098744442973
Fair-Break,skewed_groups,0.00312284288962548,0.0,0.0,0.8,0.19999999999999996,7.593098744442973
Fair-Full,skewed_groups,0.0,0.9107142857142857,0.2899999999999999,0.8,0.19999999999999996,7.593098744442973
VanillaMC,skewed_groups,0.28980388919462463,0.0,0.0,0.8,0.19999999999999996,7.593098744442973
FairMC,skewed_groups,0.34773479706976035,0.0,0.0,0.8,0.19999999999999996,7.593098744442973
EPIRA-Break,skewed_groups,0.07335770107847985,0.0,0.0,0.8,0.19999999999999996,7.593098744442973
EPIRA-Full,skewed_groups,0.09054627496738164,0.0,0.0,0.8,0.19999999999999996,7.593098744442973
Epsilon-Break,skewed_groups,0.03624754896114754,0.0,0.0,0.8,0.19999999999999996,7.593098744442973
Epsilon-Full,skewed_groups,0.13355771668689503,0.9613095238095238,0.35,0.8,0.19999999999999996,7.593098744442973
AVG,skewed_groups,0.16034364685207134,0.0,0.0,0.9,0.09999999999999998,4.096422734764315
Worst,skewed_groups,0.4826029492624594,0.0,0.0,0.9,0.09999999999999998,4.096422734764315
Fair-Break,skewed_groups,0.0002963095806166986,0.0,0.0,0.9,0.09999999999999998,4.096422734764315
Fair-Full,skewed_groups,0.0,0.9141414141414141,0.15000000000000002,0.9,0.09999999999999998,4.096422734764315
VanillaMC,skewed_groups,0.28398754140530985,0.0,0.0,0.9,0.09999999999999998,4.096422734764315
FairMC,skewed_groups,0.4164960078764892,0.0,0.0,0.9,0.09999999999999998,4.096422734764315
EPIRA-Break,skewed_groups,0.1032511325589246,0.0,0.0,0.9,0.09999999999999998,4.096422734764315
EPIRA-Full,skewed_groups,0.17112178613367027,0.0,0.0,0.9,0.09999999999999998,4.096422734764315
Epsilon-Break,skewed_groups,0.06844373482996001,0.0,0.0,0.9,0.09999999999999998,4.096422734764315
Epsilon-Full,skewed_groups,0.10950301663712027,0.9181818181818182,0.18999999999999995,0.9,0.09999999999999998,4.096422734764315
AVG,skewed_groups,0.17442600531552652,0.0,0.0,1.0,0.0,0.0
Worst,skewed_groups,0.4826029492624594,0.0,0.0,1.0,0.0,0.0
Fair-Break,skewed_groups,0.0,0.0,0.0,1.0,0.0,0.0
Fair-Full,skewed_groups,0.0,0.0,0.0,1.0,0.0,0.0
VanillaMC,skewed_groups,0.017739848257897154,0.0,0.0,1.0,0.0,0.0
FairMC,skewed_groups,0.017739848257897154,0.0,0.0,1.0,0.0,0.0
EPIRA-Break,skewed_groups,0.11733349102237978,0.0,0.0,1.0,0.0,0.0
EPIRA-Full,skewed_groups,0.23677283337989546,0.0,0.0,1.0,0.0,0.0
Epsilon-Break,skewed_groups,0.07869139585391187,0.0,0.0,1.0,0.0,0.0
Epsilon-Full,skewed_groups,0.07869139585391187,0.0,0.0,1.0,0.0,0.0
AVG,alternating_groups,0.1743650961307553,0.0,1.1102230246251565e-16,0.0,1.0,35.00385317267997
Worst,alternating_groups,0.1743650961307553,0.0,1.1102230246251565e-16,0.0,1.0,35.00385317267997
Fair-Break,alternating_groups,0.1743650961307553,0.0,1.1102230246251565e-16,0.0,1.0,35.00385317267997
Fair-Full,alternating_groups,0.004463266335925586,0.99,0.99,0.0,1.0,35.00385317267997
VanillaMC,alternating_groups,0.1743650961307553,0.0,1.1102230246251565e-16,0.0,1.0,35.00385317267997
FairMC,alternating_groups,0.17087237699435634,0.79,0.79,0.0,1.0,35.00385317267997
EPIRA-Break,alternating_groups,0.1743650961307553,0.0,1.1102230246251565e-16,0.0,1.0,35.00385317267997
EPIRA-Full,alternating_groups,0.05331726419127638,0.10999999999999999,0.1100000000000001,0.0,1.0,35.00385317267997
Epsilon-Break,alternating_groups,0.1743650961307553,0.0,1.1102230246251565e-16,0.0,1.0,35.00385317267997
Epsilon-Full,alternating_groups,0.01182686063195706,0.8,0.8,0.0,1.0,35.00385317267997
AVG,alternating_groups,0.1743650961307553,0.0,1.1102230246251565e-16,0.1,0.9,31.884697939470872
Worst,alternating_groups,0.1743650961307553,0.0,1.1102230246251565e-16,0.1,0.9,31.884697939470872
Fair-Break,alternating_groups,0.1743650961307553,0.0,1.1102230246251565e-16,0.1,0.9,31.884697939470872
Fair-Full,alternating_groups,0.004463266335925586,0.9835164835164835,0.94,0.1,0.9,31.884697939470872
VanillaMC,alternating_groups,0.1743650961307553,0.0,1.1102230246251565e-16,0.1,0.9,31.884697939470872
FairMC,alternating_groups,0.17087237699435634,0.8681318681318682,0.79,0.1,0.9,31.884697939470872
EPIRA-Break,alternating_groups,0.1743650961307553,0.0,1.1102230246251565e-16,0.1,0.9,31.884697939470872
EPIRA-Full,alternating_groups,0.05331726419127638,0.012087912087912045,0.02000000000000013,0.1,0.9,31.884697939470872
Epsilon-Break,alternating_groups,0.1743650961307553,0.0,1.1102230246251565e-16,0.1,0.9,31.884697939470872
Epsilon-Full,alternating_groups,0.01182686063195706,0.8,0.8,0.1,0.9,31.884697939470872
AVG,alternating_groups,0.07268612703853437,0.0,0.0,0.2,0.8,28.41041254939433
Worst,alternating_groups,0.1743650961307553,0.0,0.0,0.2,0.8,28.41041254939433
Fair-Break,alternating_groups,0.005841378485701092,0.0,0.0,0.2,0.8,28.41041254939433
Fair-Full,alternating_groups,0.002145747417878047,0.9388888888888889,0.77,0.2,0.8,28.41041254939433
VanillaMC,alternating_groups,0.008036841897601059,0.0,0.0,0.2,0.8,28.41041254939433
FairMC,alternating_groups,0.17303444908784585,0.3580246913580247,0.29000000000000004,0.2,0.8,28.41041254939433
EPIRA-Break,alternating_groups,0.01894446380190662,0.0,0.0,0.2,0.8,28.41041254939433
EPIRA-Full,alternating_groups,0.048058758625864215,0.0,0.0,0.2,0.8,28.41041254939433
Epsilon-Break,alternating_groups,0.018009578989648407,0.0,0.0,0.2,0.8,28.41041254939433
Epsilon-Full,alternating_groups,0.022989651381946006,0.7746913580246914,0.77,0.2,0.8,28.41041254939433
AVG,alternating_groups,0.08211053714950003,0.0,0.0,0.3,0.7,24.944276899378583
Worst,alternating_groups,0.26675198006404416,0.0,0.0,0.3,0.7,24.944276899378583
Fair-Break,alternating_groups,0.005841378485701092,0.0,0.0,0.3,0.7,24.944276899378583
Fair-Full,alternating_groups,0.00041953395269559395,0.9892018779342723,0.77,0.3,0.7,24.944276899378583
VanillaMC,alternating_groups,0.0312600552468141,0.0,0.0,0.3,0.7,24.944276899378583
FairMC,alternating_groups,0.1731606141280095,0.8450704225352113,0.6000000000000001,0.3,0.7,24.944276899378583
EPIRA-Break,alternating_groups,0.028368873912872287,0.0,0.0,0.3,0.7,24.944276899378583
EPIRA-Full,alternating_groups,0.044043031583656,0.0,0.0,0.3,0.7,24.944276899378583
Epsilon-Break,alternating_groups,0.07319635770224306,0.0,0.0,0.3,0.7,24.944276899378583
Epsilon-Full,alternating_groups,0.0030843216685873314,0.7976525821596244,0.75,0.3,0.7,24.944276899378583
AVG,alternating_groups,0.011328362628735742,0.0,0.0,0.4,0.6,21.476150786029915
Worst,alternating_groups,0.26675198006404416,0.0,0.0,0.4,0.6,21.476150786029915
Fair-Break,alternating_groups,0.001965331512531838,0.0,0.0,0.4,0.6,21.476150786029915
Fair-Full,alternating_groups,0.00016857407880449502,0.9852459016393442,0.6399999999999999,0.4,0.6,21.476150786029915
VanillaMC,alternating_groups,0.0035632727056582464,0.0,0.0,0.4,0.6,21.476150786029915
FairMC,alternating_groups,0.26649926040271077,0.21311475409836067,0.1299999999999999,0.4,0.6,21.476150786029915
EPIRA-Break,alternating_groups,0.011328362628735742,0.0,0.0,0.4,0.6,21.476150786029915
EPIRA-Full,alternating_groups,0.046272302879013585,0.0,0.0,0.4,0.6,21.476150786029915
Epsilon-Break,alternating_groups,0.005979511109118912,0.0,0.0,0.4,0.6,21.476150786029915
Epsilon-Full,alternating_groups,0.009972133420354717,0.8266393442622951,0.67,0.4,0.6,21.476150786029915
AVG,alternating_groups,0.015021305245742128,0.0,0.0,0.5,0.5,18.008589515445202
Worst,alternating_groups,0.34543363378589875,0.0,0.0,0.5,0.5,18.008589515445202
Fair-Break,alternating_groups,0.001965331512531838,0.0,0.0,0.5,0.5,18.008589515445202
Fair-Full,alternating_groups,0.0009560295974880261,0.9827450980392157,0.56,0.5,0.5,18.008589515445202
VanillaMC,alternating_groups,0.011643208278047126,0.0,0.0,0.5,0.5,18.008589515445202
FairMC,alternating_groups,0.2660914735839477,0.7843137254901961,0.4,0.5,0.5,18.008589515445202
EPIRA-Break,alternating_groups,0.06876296848236987,0.0,0.0,0.5,0.5,18.008589515445202
EPIRA-Full,alternating_groups,0.02516605530442756,0.0,0.0,0.5,0.5,18.008589515445202
Epsilon-Break,alternating_groups,0.016466171059625348,0.0,0.0,0.5,0.5,18.008589515445202
Epsilon-Full,alternating_groups,0.01655342638774553,0.8701960784313726,0.63,0.5,0.5,18.008589515445202
AVG,alternating_groups,0.020938715015859147,0.0,0.0,0.6,0.4,14.539151764551935
Worst,alternating_groups,0.34543363378589875,0.0,0.0,0.6,0.4,14.539151764551935
Fair-Break,alternating_groups,0.0008216796057638265,0.0,0.0,0.6,0.4,14.539151764551935
Fair-Full,alternating_groups,0.0024328362455518135,0.9528455284552846,0.43000000000000005,0.6,0.4,14.539151764551935
VanillaMC,alternating_groups,0.009894239199634128,0.0,0.0,0.6,0.4,14.539151764551935
FairMC,alternating_groups,0.3453469338022131,0.14634146341463417,0.06000000000000005,0.6,0.4,14.539151764551935
EPIRA-Break,alternating_groups,0.020938715015859147,0.0,0.0,0.6,0.4,14.539151764551935
EPIRA-Full,alternating_groups,0.03800386222603752,0.0,0.0,0.6,0.4,14.539151764551935
Epsilon-Break,alternating_groups,0.007941254355846297,0.0,0.0,0.6,0.4,14.539151764551935
Epsilon-Full,alternating_groups,0.01055424866654443,0.9097560975609756,0.55,0.6,0.4,14.539151764551935
AVG,alternating_groups,0.10545746441379071,0.0,0.0,0.7,0.30000000000000004,11.068300475058042
Worst,alternating_groups,0.4164960078764892,0.0,0.0,0.7,0.30000000000000004,11.068300475058042
Fair-Break,alternating_groups,0.0008216796057638265,0.0,0.0,0.7,0.30000000000000004,11.068300475058042
Fair-Full,alternating_groups,2.8880163971060425e-05,0.9700460829493087,0.35,0.7,0.30000000000000004,11.068300475058042
VanillaMC,alternating_groups,0.08304270072097109,0.0,0.0,0.7,0.30000000000000004,11.068300475058042
FairMC,alternating_groups,0.34515990363561194,0.6451612903225806,0.20000000000000007,0.7,0.30000000000000004,11.068300475058042
EPIRA-Break,alternating_groups,0.07794929627257176,0.0,0.0,0.7,0.30000000000000004,11.068300475058042
EPIRA-Full,alternating_groups,0.046269865059384595,0.0,0.0,0.7,0.30000000000000004,11.068300475058042
Epsilon-Break,alternating_groups,0.02008282201728289,0.0,0.0,0.7,0.30000000000000004,11.068300475058042
Epsilon-Full,alternating_groups,0.00959268954594918,0.9423963133640553,0.44000000000000006,0.7,0.30000000000000004,11.068300475058042
AVG,alternating_groups,0.09999893317334316,0.0,0.0,0.8,0.19999999999999996,7.591594747493064
Worst,alternating_groups,0.4164960078764892,0.0,0.0,0.8,0.19999999999999996,7.591594747493064
Fair-Break,alternating_groups,0.0002963095806166986,0.0,0.0,0.8,0.19999999999999996,7.591594747493064
Fair-Full,alternating_groups,1.1537554684233315e-05,0.9047619047619048,0.18999999999999995,0.8,0.19999999999999996,7.591594747493064
VanillaMC,alternating_groups,0.0030547302399944226,0.0,0.0,0.8,0.19999999999999996,7.591594747493064
FairMC,alternating_groups,0.41646470913088707,0.09523809523809523,0.019999999999999907,0.8,0.19999999999999996,7.591594747493064
EPIRA-Break,alternating_groups,0.018749101795496468,0.0,0.0,0.8,0.19999999999999996,7.591594747493064
EPIRA-Full,alternating_groups,0.07288334402364113,0.0,0.0,0.8,0.19999999999999996,7.591594747493064
Epsilon-Break,alternating_groups,0.004723022249892597,0.0,0.0,0.8,0.19999999999999996,7.591594747493064
Epsilon-Full,alternating_groups,0.011542014445464162,0.9613095238095238,0.35,0.8,0.19999999999999996,7.591594747493064
AVG,alternating_groups,0.12156072562285386,0.0,0.0,0.9,0.09999999999999998,4.096422734764315
Worst,alternating_groups,0.4826029492624594,0.0,0.0,0.9,0.09999999999999998,4.096422734764315
Fair-Break,alternating_groups,0.0002963095806166986,0.0,0.0,0.9,0.09999999999999998,4.096422734764315
Fair-Full,alternating_groups,0.0,0.8232323232323232,0.14,0.9,0.09999999999999998,4.096422734764315
VanillaMC,alternating_groups,0.1351229296671259,0.0,0.0,0.9,0.09999999999999998,4.096422734764315
FairMC,alternating_groups,0.4164960078764892,0.0,0.0,0.9,0.09999999999999998,4.096422734764315
EPIRA-Break,alternating_groups,0.04031089424500717,0.0,0.0,0.9,0.09999999999999998,4.096422734764315
EPIRA-Full,alternating_groups,0.054895451984983024,0.0,0.0,0.9,0.09999999999999998,4.096422734764315
Epsilon-Break,alternating_groups,0.06975027796014745,0.0,0.0,0.9,0.09999999999999998,4.096422734764315
Epsilon-Full,alternating_groups,0.0631010982728399,0.9181818181818182,0.18999999999999995,0.9,0.09999999999999998,4.096422734764315
AVG,alternating_groups,0.016059136232954675,0.0,0.0,1.0,0.0,0.0
Worst,alternating_groups,0.4826029492624594,0.0,0.0,1.0,0.0,0.0
Fair-Break,alternating_groups,0.0,0.0,0.0,1.0,0.0,0.0
Fair-Full,alternating_groups,0.0,0.0,0.0,1.0,0.0,0.0
VanillaMC,alternating_groups,0.10984644343802591,0.0,0.0,1.0,0.0,0.0
FairMC,alternating_groups,0.10984644343802591,0.0,0.0,1.0,0.0,0.0
EPIRA-Break,alternating_groups,0.016059136232954675,0.0,0.0,1.0,0.0,0.0
EPIRA-Full,alternating_groups,0.0722715250181859,0.0,0.0,1.0,0.0,0.0
Epsilon-Break,alternating_groups,0.06998010081884454,0.0,0.0,1.0,0.0,0.0
Epsilon-Full,alternating_groups,0.06998010081884454,0.0,0.0,1.0,0.0,0.0
AVG,skewed_groups,0.4826029492624594,0.0,1.1102230246251565e-16,0.0,1.0,35.00385317267997
Worst,skewed_groups,0.4826029492624594,0.0,1.1102230246251565e-16,0.0,1.0,35.00385317267997
Fair-Break,skewed_groups,0.4826029492624594,0.0,1.1102230246251565e-16,0.0,1.0,35.00385317267997
Fair-Full,skewed_groups,0.0,0.99,0.99,0.0,1.0,35.00385317267997
VanillaMC,skewed_groups,0.4826029492624594,0.0,1.1102230246251565e-16,0.0,1.0,35.00385317267997
FairMC,skewed_groups,0.14226102700842297,0.88,0.88,0.0,1.0,35.00385317267997
EPIRA-Break,skewed_groups,0.4826029492624594,0.0,1.1102230246251565e-16,0.0,1.0,35.00385317267997
EPIRA-Full,skewed_groups,0.2317451881683128,0.55,0.5499999999999999,0.0,1.0,35.00385317267997
Epsilon-Break,skewed_groups,0.4826029492624594,0.0,1.1102230246251565e-16,0.0,1.0,35.00385317267997
Epsilon-Full,skewed_groups,0.1534134237623523,0.8,0.8,0.0,1.0,35.00385317267997
AVG,skewed_groups,0.4826029492624594,0.0,1.1102230246251565e-16,0.1,0.9,31.884697939470872
Worst,skewed_groups,0.4826029492624594,0.0,1.1102230246251565e-16,0.1,0.9,31.884697939470872
Fair-Break,skewed_groups,0.4826029492624594,0.0,1.1102230246251565e-16,0.1,0.9,31.884697939470872
Fair-Full,skewed_groups,0.0,0.9868131868131869,0.97,0.1,0.9,31.884697939470872
VanillaMC,skewed_groups,0.4826029492624594,0.0,1.1102230246251565e-16,0.1,0.9,31.884697939470872
FairMC,skewed_groups,0.17078982227645484,0.8681318681318682,0.88,0.1,0.9,31.884697939470872
EPIRA-Break,skewed_groups,0.4826029492624594,0.0,1.1102230246251565e-16,0.1,0.9,31.884697939470872
EPIRA-Full,skewed_groups,0.2317451881683128,0.4989010989010989,0.49,0.1,0.9,31.884697939470872
Epsilon-Break,skewed_groups,0.4826029492624594,0.0,1.1102230246251565e-16,0.1,0.9,31.884697939470872
Epsilon-Full,skewed_groups,0.1534134237623523,0.7967032967032968,0.77,0.1,0.9,31.884697939470872
AVG,skewed_groups,0.4826029492624594,0.0,0.0,0.2,0.8,28.41896990257186
Worst,skewed_groups,0.4826029492624594,0.0,0.0,0.2,0.8,28.41896990257186
Fair-Break,skewed_groups,0.4826029492624594,0.0,0.0,0.2,0.8,28.41896990257186
Fair-Full,skewed_groups,0.0,0.9950617283950617,0.9199999999999999,0.2,0.8,28.41896990257186
VanillaMC,skewed_groups,0.4826029492624594,0.0,0.0,0.2,0.8,28.41896990257186
FairMC,skewed_groups,0.20050518006120133,0.8475308641975309,0.81,0.2,0.8,28.41896990257186
EPIRA-Break,skewed_groups,0.4826029492624594,0.0,0.0,0.2,0.8,28.41896990257186
EPIRA-Full,skewed_groups,0.2317451881683128,0.4345679012345679,0.3899999999999999,0.2,0.8,28.41896990257186
Epsilon-Break,skewed_groups,0.4826029492624594,0.0,0.0,0.2,0.8,28.41896990257186
Epsilon-Full,skewed_groups,0.1534134237623523,0.7975308641975309,0.76,0.2,0.8,28.41896990257186
AVG,skewed_groups,0.4826029492624594,0.0,0.0,0.3,0.7,24.953241865672847
Worst,skewed_groups,0.4826029492624594,0.0,0.0,0.3,0.7,24.953241865672847
Fair-Break,skewed_groups,0.4826029492624594,0.0,0.0,0.3,0.7,24.953241865672847
Fair-Full,skewed_groups,0.0,0.9943661971830986,0.88,0.3,0.7,24.953241865672847
VanillaMC,skewed_groups,0.4826029492624594,0.0,0.0,0.3,0.7,24.953241865672847
FairMC,skewed_groups,0.23448025310138315,0.8244131455399061,0.74,0.3,0.7,24.953241865672847
EPIRA-Break,skewed_groups,0.4826029492624594,0.0,0.0,0.3,0.7,24.953241865672847
EPIRA-Full,skewed_groups,0.2317451881683128,0.35399061032863854,0.2899999999999999,0.3,0.7,24.953241865672847
Epsilon-Break,skewed_groups,0.4826029492624594,0.0,0.0,0.3,0.7,24.953241865672847
Epsilon-Full,skewed_groups,0.1534134237623523,0.8380281690140845,0.74,0.3,0.7,24.953241865672847
AVG,skewed_groups,0.4826029492624594,0.0,0.0,0.4,0.6,21.487513828773846
Worst,skewed_groups,0.4826029492624594,0.0,0.0,0.4,0.6,21.487513828773846
Fair-Break,skewed_groups,0.4826029492624594,0.0,0.0,0.4,0.6,21.487513828773846
Fair-Full,skewed_groups,0.0,0.9930327868852459,0.83,0.4,0.6,21.487513828773846
VanillaMC,skewed_groups,0.4826029492624594,0.0,0.0,0.4,0.6,21.487513828773846
FairMC,skewed_groups,0.26296219001995297,0.794672131147541,0.6699999999999999,0.4,0.6,21.487513828773846
EPIRA-Break,skewed_groups,0.4826029492624594,0.0,0.0,0.4,0.6,21.487513828773846
EPIRA-Full,skewed_groups,0.2317451881683128,0.24795081967213117,0.19999999999999996,0.4,0.6,21.487513828773846
Epsilon-Break,skewed_groups,0.4826029492624594,0.0,0.0,0.4,0.6,21.487513828773846
Epsilon-Full,skewed_groups,0.1534134237623523,0.8442622950819672,0.71,0.4,0.6,21.487513828773846
AVG,skewed_groups,0.4826029492624594,0.0,0.0,0.5,0.5,18.021785791874837
Worst,skewed_groups,0.4826029492624594,0.0,0.0,0.5,0.5,18.021785791874837
Fair-Break,skewed_groups,0.4826029492624594,0.0,0.0,0.5,0.5,18.021785791874837
Fair-Full,skewed_groups,0.0,0.9901960784313726,0.75,0.5,0.5,18.021785791874837
VanillaMC,skewed_groups,0.4826029492624594,0.0,0.0,0.5,0.5,18.021785791874837
FairMC,skewed_groups,0.2930274156764391,0.44000000000000006,0.43999999999999995,0.5,0.5,18.021785791874837
EPIRA-Break,skewed_groups,0.4826029492624594,0.0,0.0,0.5,0.5,18.021785791874837
EPIRA-Full,skewed_groups,0.2317451881683128,0.09999999999999998,0.09999999999999987,0.5,0.5,18.021785791874837
Epsilon-Break,skewed_groups,0.4826029492624594,0.0,0.0,0.5,0.5,18.021785791874837
Epsilon-Full,skewed_groups,0.1534134237623523,0.8713725490196078,0.6599999999999999,0.5,0.5,18.021785791874837
AVG,skewed_groups,0.14906627502395645,0.0,0.0,0.6,0.4,14.545068494135228
Worst,skewed_groups,0.4826029492624594,0.0,0.0,0.6,0.4,14.545068494135228
Fair-Break,skewed_groups,0.06020483074496718,0.0,0.0,0.6,0.4,14.545068494135228
Fair-Full,skewed_groups,0.0,0.983739837398374,0.6000000000000001,0.6,0.4,14.545068494135228
VanillaMC,skewed_groups,0.2277828330724506,0.0,0.0,0.6,0.4,14.545068494135228
FairMC,skewed_groups,0.22872854839002138,0.0,0.0,0.6,0.4,14.545068494135228
EPIRA-Break,skewed_groups,0.14906627502395645,0.0,0.0,0.6,0.4,14.545068494135228
EPIRA-Full,skewed_groups,0.16066209695684666,0.0,0.0,0.6,0.4,14.545068494135228
Epsilon-Break,skewed_groups,0.13321868836919656,0.0,0.0,0.6,0.4,14.545068494135228
Epsilon-Full,skewed_groups,0.150462759877921,0.8621951219512195,0.56,0.6,0.4,14.545068494135228
AVG,skewed_groups,0.09713796143549773,0.0,0.0,0.7,0.30000000000000004,11.0710307491833
Worst,skewed_groups,0.4826029492624594,0.0,0.0,0.7,0.30000000000000004,11.0710307491833
Fair-Break,skewed_groups,0.015160217954850178,0.0,0.0,0.7,0.30000000000000004,11.0710307491833
Fair-Full,skewed_groups,0.0,0.9746543778801844,0.45000000000000007,0.7,0.30000000000000004,11.0710307491833
VanillaMC,skewed_groups,0.04965088342757836,0.0,0.0,0.7,0.30000000000000004,11.0710307491833
FairMC,skewed_groups,0.27994686650636247,0.0,0.0,0.7,0.30000000000000004,11.0710307491833
EPIRA-Break,skewed_groups,0.09073891523431087,0.0,0.0,0.7,0.30000000000000004,11.0710307491833
EPIRA-Full,skewed_groups,0.11246704589422135,0.0,0.0,0.7,0.30000000000000004,11.0710307491833
Epsilon-Break,skewed_groups,0.100703217197983,0.0,0.0,0.7,0.30000000000000004,11.0710307491833
Epsilon-Full,skewed_groups,0.07825148828374648,0.8788018433179724,0.44000000000000006,0.7,0.30000000000000004,11.0710307491833
AVG,skewed_groups,0.07244369863520934,0.0,0.0,0.8,0.19999999999999996,7.593098744442973
Worst,skewed_groups,0.4826029492624594,0.0,0.0,0.8,0.19999999999999996,7.593098744442973
Fair-Break,skewed_groups,0.00312284288962548,0.0,0.0,0.8,0.19999999999999996,7.593098744442973
Fair-Full,skewed_groups,0.0,0.9107142857142857,0.2899999999999999,0.8,0.19999999999999996,7.593098744442973
VanillaMC,skewed_groups,0.2942212529950853,0.0,0.0,0.8,0.19999999999999996,7.593098744442973
FairMC,skewed_groups,0.34773479706976035,0.0,0.0,0.8,0.19999999999999996,7.593098744442973
EPIRA-Break,skewed_groups,0.018702035398581597,0.0,0.0,0.8,0.19999999999999996,7.593098744442973
EPIRA-Full,skewed_groups,0.09054627496738164,0.0,0.0,0.8,0.19999999999999996,7.593098744442973
Epsilon-Break,skewed_groups,0.08542696877106862,0.0,0.0,0.8,0.19999999999999996,7.593098744442973
Epsilon-Full,skewed_groups,0.07036362220283653,0.9119047619047619,0.30999999999999994,0.8,0.19999999999999996,7.593098744442973
AVG,skewed_groups,0.06590825707453207,0.0,0.0,0.9,0.09999999999999998,4.096422734764315
Worst,skewed_groups,0.4826029492624594,0.0,0.0,0.9,0.09999999999999998,4.096422734764315
Fair-Break,skewed_groups,0.0002963095806166986,0.0,0.0,0.9,0.09999999999999998,4.096422734764315
Fair-Full,skewed_groups,0.0,0.8232323232323232,0.14,0.9,0.09999999999999998,4.096422734764315
VanillaMC,skewed_groups,0.29364177314463435,0.0,0.0,0.9,0.09999999999999998,4.096422734764315
FairMC,skewed_groups,0.4164960078764892,0.0,0.0,0.9,0.09999999999999998,4.096422734764315
EPIRA-Break,skewed_groups,0.01216659383790433,0.0,0.0,0.9,0.09999999999999998,4.096422734764315
EPIRA-Full,skewed_groups,0.17112178613367027,0.0,0.0,0.9,0.09999999999999998,4.096422734764315
Epsilon-Break,skewed_groups,0.0627264748726314,0.0,0.0,0.9,0.09999999999999998,4.096422734764315
Epsilon-Full,skewed_groups,0.06305445136256077,0.9181818181818182,0.18999999999999995,0.9,0.09999999999999998,4.096422734764315
AVG,skewed_groups,0.06934109353336963,0.0,0.0,1.0,0.0,0.0
Worst,skewed_groups,0.4826029492624594,0.0,0.0,1.0,0.0,0.0
Fair-Break,skewed_groups,0.0,0.0,0.0,1.0,0.0,0.0
Fair-Full,skewed_groups,0.0,0.0,0.0,1.0,0.0,0.0
VanillaMC,skewed_groups,0.01129929130518013,0.0,0.0,1.0,0.0,0.0
FairMC,skewed_groups,0.01129929130518013,0.0,0.0,1.0,0.0,0.0
EPIRA-Break,skewed_groups,0.015599430296741889,0.0,0.0,1.0,0.0,0.0
EPIRA-Full,skewed_groups,0.23677283337989546,0.0,0.0,1.0,0.0,0.0
Epsilon-Break,skewed_groups,0.014693381789503612,0.0,0.0,1.0,0.0,0.0
Epsilon-Full,skewed_groups,0.014693381789503612,0.0,0.0,1.0,0.0,0.0
AVG,alternating_groups,0.1743650961307553,0.0,1.1102230246251565e-16,0.0,1.0,35.00385317267997
Worst,alternating_groups,0.1743650961307553,0.0,1.1102230246251565e-16,0.0,1.0,35.00385317267997
Fair-Break,alternating_groups,0.1743650961307553,0.0,1.1102230246251565e-16,0.0,1.0,35.00385317267997
Fair-Full,alternating_groups,0.004463266335925586,0.99,0.99,0.0,1.0,35.00385317267997
VanillaMC,alternating_groups,0.1743650961307553,0.0,1.1102230246251565e-16,0.0,1.0,35.00385317267997
FairMC,alternating_groups,0.17087237699435634,0.79,0.79,0.0,1.0,35.00385317267997
EPIRA-Break,alternating_groups,0.1743650961307553,0.0,1.1102230246251565e-16,0.0,1.0,35.00385317267997
EPIRA-Full,alternating_groups,0.05331726419127638,0.10999999999999999,0.1100000000000001,0.0,1.0,35.00385317267997
Epsilon-Break,alternating_groups,0.1743650961307553,0.0,1.1102230246251565e-16,0.0,1.0,35.00385317267997
Epsilon-Full,alternating_groups,0.10968099327068707,0.8,0.8,0.0,1.0,35.00385317267997
AVG,alternating_groups,0.1743650961307553,0.0,1.1102230246251565e-16,0.1,0.9,31.884697939470872
Worst,alternating_groups,0.1743650961307553,0.0,1.1102230246251565e-16,0.1,0.9,31.884697939470872
Fair-Break,alternating_groups,0.1743650961307553,0.0,1.1102230246251565e-16,0.1,0.9,31.884697939470872
Fair-Full,alternating_groups,0.004463266335925586,0.9835164835164835,0.94,0.1,0.9,31.884697939470872
VanillaMC,alternating_groups,0.1743650961307553,0.0,1.1102230246251565e-16,0.1,0.9,31.884697939470872
FairMC,alternating_groups,0.17087237699435634,0.8681318681318682,0.79,0.1,0.9,31.884697939470872
EPIRA-Break,alternating_groups,0.1743650961307553,0.0,1.1102230246251565e-16,0.1,0.9,31.884697939470872
EPIRA-Full,alternating_groups,0.05331726419127638,0.012087912087912045,0.02000000000000013,0.1,0.9,31.884697939470872
Epsilon-Break,alternating_groups,0.1743650961307553,0.0,1.1102230246251565e-16,0.1,0.9,31.884697939470872
Epsilon-Full,alternating_groups,0.10968099327068707,0.7967032967032968,0.77,0.1,0.9,31.884697939470872
AVG,alternating_groups,0.01040881138046547,0.0,0.0,0.2,0.8,28.41041254939433
Worst,alternating_groups,0.1743650961307553,0.0,0.0,0.2,0.8,28.41041254939433
Fair-Break,alternating_groups,0.005841378485701092,0.0,0.0,0.2,0.8,28.41041254939433
Fair-Full,alternating_groups,0.002145747417878047,0.9512345679012346,0.78,0.2,0.8,28.41041254939433
VanillaMC,alternating_groups,0.016286055658781443,0.0,0.0,0.2,0.8,28.41041254939433
FairMC,alternating_groups,0.17303444908784585,0.3580246913580247,0.29000000000000004,0.2,0.8,28.41041254939433
EPIRA-Break,alternating_groups,0.01040881138046547,0.0,0.0,0.2,0.8,28.41041254939433
EPIRA-Full,alternating_groups,0.048058758625864215,0.0,0.0,0.2,0.8,28.41041254939433
Epsilon-Break,alternating_groups,0.009170530609808124,0.0,0.0,0.2,0.8,28.41041254939433
Epsilon-Full,alternating_groups,0.0040569221571464895,0.7975308641975309,0.76,0.2,0.8,28.41041254939433
AVG,alternating_groups,0.14134673514109444,0.0,0.0,0.3,0.7,24.944276899378583
Worst,alternating_groups,0.26675198006404416,0.0,0.0,0.3,0.7,24.944276899378583
Fair-Break,alternating_groups,0.005841378485701092,0.0,0.0,0.3,0.7,24.944276899378583
Fair-Full,alternating_groups,0.00041953395269559395,0.9892018779342723,0.77,0.3,0.7,24.944276899378583
VanillaMC,alternating_groups,0.01946462352613684,0.0,0.0,0.3,0.7,24.944276899378583
FairMC,alternating_groups,0.1731606141280095,0.8450704225352113,0.6000000000000001,0.3,0.7,24.944276899378583
EPIRA-Break,alternating_groups,0.0426302797883388,0.0,0.0,0.3,0.7,24.944276899378583
EPIRA-Full,alternating_groups,0.044043031583656,0.0,0.0,0.3,0.7,24.944276899378583
Epsilon-Break,alternating_groups,0.11626928610326724,0.0,0.0,0.3,0.7,24.944276899378583
Epsilon-Full,alternating_groups,0.13415098367198713,0.8380281690140845,0.74,0.3,0.7,24.944276899378583
AVG,alternating_groups,0.10501815507479852,0.0,0.0,0.4,0.6,21.476150786029915
Worst,alternating_groups,0.26675198006404416,0.0,0.0,0.4,0.6,21.476150786029915
Fair-Break,alternating_groups,0.001965331512531838,0.0,0.0,0.4,0.6,21.476150786029915
Fair-Full,alternating_groups,0.00016857407880449502,0.9852459016393442,0.6399999999999999,0.4,0.6,21.476150786029915
VanillaMC,alternating_groups,0.004259303910263424,0.0,0.0,0.4,0.6,21.476150786029915
FairMC,alternating_groups,0.26649926040271077,0.21311475409836067,0.1299999999999999,0.4,0.6,21.476150786029915
EPIRA-Break,alternating_groups,0.02376832369695182,0.0,0.0,0.4,0.6,21.476150786029915
EPIRA-Full,alternating_groups,0.046272302879013585,0.0,0.0,0.4,0.6,21.476150786029915
Epsilon-Break,alternating_groups,0.009932310875725733,0.0,0.0,0.4,0.6,21.476150786029915
Epsilon-Full,alternating_groups,0.008151533878495971,0.8442622950819672,0.71,0.4,0.6,21.476150786029915
AVG,alternating_groups,0.10629971077130458,0.0,0.0,0.5,0.5,18.008589515445202
Worst,alternating_groups,0.34543363378589875,0.0,0.0,0.5,0.5,18.008589515445202
Fair-Break,alternating_groups,0.001965331512531838,0.0,0.0,0.5,0.5,18.008589515445202
Fair-Full,alternating_groups,0.0009560295974880261,0.9827450980392157,0.56,0.5,0.5,18.008589515445202
VanillaMC,alternating_groups,0.023979179051592865,0.0,0.0,0.5,0.5,18.008589515445202
FairMC,alternating_groups,0.2660914735839477,0.7843137254901961,0.4,0.5,0.5,18.008589515445202
EPIRA-Break,alternating_groups,0.025049879393457902,0.0,0.0,0.5,0.5,18.008589515445202
EPIRA-Full,alternating_groups,0.02516605530442756,0.0,0.0,0.5,0.5,18.008589515445202
Epsilon-Break,alternating_groups,0.03135858782065702,0.0,0.0,0.5,0.5,18.008589515445202
Epsilon-Full,alternating_groups,0.009349837153206763,0.8713725490196078,0.6599999999999999,0.5,0.5,18.008589515445202
AVG,alternating_groups,0.0721691079115563,0.0,0.0,0.6,0.4,14.539151764551935
Worst,alternating_groups,0.34543363378589875,0.0,0.0,0.6,0.4,14.539151764551935
Fair-Break,alternating_groups,0.0008216796057638265,0.0,0.0,0.6,0.4,14.539151764551935
Fair-Full,alternating_groups,0.0024328362455518135,0.9528455284552846,0.43000000000000005,0.6,0.4,14.539151764551935
VanillaMC,alternating_groups,0.09291770217000586,0.0,0.0,0.6,0.4,14.539151764551935
FairMC,alternating_groups,0.3453469338022131,0.14634146341463417,0.06000000000000005,0.6,0.4,14.539151764551935
EPIRA-Break,alternating_groups,0.018427444674928548,0.0,0.0,0.6,0.4,14.539151764551935
EPIRA-Full,alternating_groups,0.03800386222603752,0.0,0.0,0.6,0.4,14.539151764551935
Epsilon-Break,alternating_groups,0.004935614480991293,0.0,0.0,0.6,0.4,14.539151764551935
Epsilon-Full,alternating_groups,0.07017342691653441,0.8621951219512195,0.56,0.6,0.4,14.539151764551935
AVG,alternating_groups,0.0658081175293193,0.0,0.0,0.7,0.30000000000000004,11.068300475058042
Worst,alternating_groups,0.4164960078764892,0.0,0.0,0.7,0.30000000000000004,11.068300475058042
Fair-Break,alternating_groups,0.0008216796057638265,0.0,0.0,0.7,0.30000000000000004,11.068300475058042
Fair-Full,alternating_groups,2.8880163971060425e-05,0.9700460829493087,0.35,0.7,0.30000000000000004,11.068300475058042
VanillaMC,alternating_groups,0.09723642961522187,0.0,0.0,0.7,0.30000000000000004,11.068300475058042
FairMC,alternating_groups,0.34515990363561194,0.6451612903225806,0.20000000000000007,0.7,0.30000000000000004,11.068300475058042
EPIRA-Break,alternating_groups,0.0658081175293193,0.0,0.0,0.7,0.30000000000000004,11.068300475058042
EPIRA-Full,alternating_groups,0.046269865059384595,0.0,0.0,0.7,0.30000000000000004,11.068300475058042
Epsilon-Break,alternating_groups,0.09705792687279037,0.0,0.0,0.7,0.30000000000000004,11.068300475058042
Epsilon-Full,alternating_groups,0.0922675286735693,0.8788018433179724,0.44000000000000006,0.7,0.30000000000000004,11.068300475058042
AVG,alternating_groups,0.060646785012155154,0.0,0.0,0.8,0.19999999999999996,7.591594747493064
Worst,alternating_groups,0.4164960078764892,0.0,0.0,0.8,0.19999999999999996,7.591594747493064
Fair-Break,alternating_groups,0.0002963095806166986,0.0,0.0,0.8,0.19999999999999996,7.591594747493064
Fair-Full,alternating_groups,1.1537554684233315e-05,0.9047619047619048,0.18999999999999995,0.8,0.19999999999999996,7.591594747493064
VanillaMC,alternating_groups,0.006388758885162452,0.0,0.0,0.8,0.19999999999999996,7.591594747493064
FairMC,alternating_groups,0.41646470913088707,0.09523809523809523,0.019999999999999907,0.8,0.19999999999999996,7.591594747493064
EPIRA-Break,alternating_groups,0.060646785012155154,0.0,0.0,0.8,0.19999999999999996,7.591594747493064
EPIRA-Full,alternating_groups,0.07288334402364113,0.0,0.0,0.8,0.19999999999999996,7.591594747493064
Epsilon-Break,alternating_groups,0.09230421110461921,0.0,0.0,0.8,0.19999999999999996,7.591594747493064
Epsilon-Full,alternating_groups,0.0951589839622884,0.9119047619047619,0.30999999999999994,0.8,0.19999999999999996,7.591594747493064
AVG,alternating_groups,0.040515050321095564,0.0,0.0,0.9,0.09999999999999998,4.096422734764315
Worst,alternating_groups,0.4826029492624594,0.0,0.0,0.9,0.09999999999999998,4.096422734764315
Fair-Break,alternating_groups,0.0002963095806166986,0.0,0.0,0.9,0.09999999999999998,4.096422734764315
Fair-Full,alternating_groups,0.0,0.8232323232323232,0.14,0.9,0.09999999999999998,4.096422734764315
VanillaMC,alternating_groups,0.16761898004776007,0.0,0.0,0.9,0.09999999999999998,4.096422734764315
FairMC,alternating_groups,0.4164960078764892,0.0,0.0,0.9,0.09999999999999998,4.096422734764315
EPIRA-Break,alternating_groups,0.040515050321095564,0.0,0.0,0.9,0.09999999999999998,4.096422734764315
EPIRA-Full,alternating_groups,0.054895451984983024,0.0,0.0,0.9,0.09999999999999998,4.096422734764315
Epsilon-Break,alternating_groups,0.11943209178482787,0.0,0.0,0.9,0.09999999999999998,4.096422734764315
Epsilon-Full,alternating_groups,0.1059449283266841,0.9181818181818182,0.18999999999999995,0.9,0.09999999999999998,4.096422734764315
AVG,alternating_groups,0.01219625095342478,0.0,0.0,1.0,0.0,0.0
Worst,alternating_groups,0.4826029492624594,0.0,0.0,1.0,0.0,0.0
Fair-Break,alternating_groups,0.0,0.0,0.0,1.0,0.0,0.0
Fair-Full,alternating_groups,0.0,0.0,0.0,1.0,0.0,0.0
VanillaMC,alternating_groups,0.06827241454106538,0.0,0.0,1.0,0.0,0.0
FairMC,alternating_groups,0.06827241454106538,0.0,0.0,1.0,0.0,0.0
EPIRA-Break,alternating_groups,0.01219625095342478,0.0,0.0,1.0,0.0,0.0
EPIRA-Full,alternating_groups,0.0722715250181859,0.0,0.0,1.0,0.0,0.0
Epsilon-Break,alternating_groups,0.1317904060135818,0.0,0.0,1.0,0.0,0.0
Epsilon-Full,alternating_groups,0.1317904060135818,0.0,0.0,1.0,0.0,0.0
AVG,skewed_groups,0.4826029492624594,0.0,1.1102230246251565e-16,0.0,1.0,35.00385317267997
Worst,skewed_groups,0.4826029492624594,0.0,1.1102230246251565e-16,0.0,1.0,35.00385317267997
Fair-Break,skewed_groups,0.4826029492624594,0.0,1.1102230246251565e-16,0.0,1.0,35.00385317267997
Fair-Full,skewed_groups,0.0,1.0,1.0,0.0,1.0,35.00385317267997
VanillaMC,skewed_groups,0.4826029492624594,0.0,1.1102230246251565e-16,0.0,1.0,35.00385317267997
FairMC,skewed_groups,0.14226102700842297,0.88,0.88,0.0,1.0,35.00385317267997
EPIRA-Break,skewed_groups,0.4826029492624594,0.0,1.1102230246251565e-16,0.0,1.0,35.00385317267997
EPIRA-Full,skewed_groups,0.2317451881683128,0.55,0.5499999999999999,0.0,1.0,35.00385317267997
Epsilon-Break,skewed_groups,0.4826029492624594,0.0,1.1102230246251565e-16,0.0,1.0,35.00385317267997
Epsilon-Full,skewed_groups,0.17218037733936611,0.71,0.71,0.0,1.0,35.00385317267997
AVG,skewed_groups,0.4826029492624594,0.0,1.1102230246251565e-16,0.1,0.9,31.884697939470872
Worst,skewed_groups,0.4826029492624594,0.0,1.1102230246251565e-16,0.1,0.9,31.884697939470872
Fair-Break,skewed_groups,0.4826029492624594,0.0,1.1102230246251565e-16,0.1,0.9,31.884697939470872
Fair-Full,skewed_groups,0.0,0.9978021978021978,0.98,0.1,0.9,31.884697939470872
VanillaMC,skewed_groups,0.4826029492624594,0.0,1.1102230246251565e-16,0.1,0.9,31.884697939470872
FairMC,skewed_groups,0.17078982227645484,0.8681318681318682,0.88,0.1,0.9,31.884697939470872
EPIRA-Break,skewed_groups,0.4826029492624594,0.0,1.1102230246251565e-16,0.1,0.9,31.884697939470872
EPIRA-Full,skewed_groups,0.2317451881683128,0.4989010989010989,0.49,0.1,0.9,31.884697939470872
Epsilon-Break,skewed_groups,0.4826029492624594,0.0,1.1102230246251565e-16,0.1,0.9,31.884697939470872
Epsilon-Full,skewed_groups,0.17218037733936611,0.7384615384615385,0.69,0.1,0.9,31.884697939470872
AVG,skewed_groups,0.4826029492624594,0.0,0.0,0.2,0.8,28.41896990257186
Worst,skewed_groups,0.4826029492624594,0.0,0.0,0.2,0.8,28.41896990257186
Fair-Break,skewed_groups,0.4826029492624594,0.0,0.0,0.2,0.8,28.41896990257186
Fair-Full,skewed_groups,0.0,0.9950617283950617,0.9199999999999999,0.2,0.8,28.41896990257186
VanillaMC,skewed_groups,0.4826029492624594,0.0,0.0,0.2,0.8,28.41896990257186
FairMC,skewed_groups,0.20050518006120133,0.8475308641975309,0.81,0.2,0.8,28.41896990257186
EPIRA-Break,skewed_groups,0.4826029492624594,0.0,0.0,0.2,0.8,28.41896990257186
EPIRA-Full,skewed_groups,0.2317451881683128,0.4345679012345679,0.3899999999999999,0.2,0.8,28.41896990257186
Epsilon-Break,skewed_groups,0.4826029492624594,0.0,0.0,0.2,0.8,28.41896990257186
Epsilon-Full,skewed_groups,0.17218037733936611,0.7580246913580246,0.69,0.2,0.8,28.41896990257186
AVG,skewed_groups,0.4826029492624594,0.0,0.0,0.3,0.7,24.953241865672847
Worst,skewed_groups,0.4826029492624594,0.0,0.0,0.3,0.7,24.953241865672847
Fair-Break,skewed_groups,0.4826029492624594,0.0,0.0,0.3,0.7,24.953241865672847
Fair-Full,skewed_groups,0.0,0.9943661971830986,0.88,0.3,0.7,24.953241865672847
VanillaMC,skewed_groups,0.4826029492624594,0.0,0.0,0.3,0.7,24.953241865672847
FairMC,skewed_groups,0.23448025310138315,0.8244131455399061,0.74,0.3,0.7,24.953241865672847
EPIRA-Break,skewed_groups,0.4826029492624594,0.0,0.0,0.3,0.7,24.953241865672847
EPIRA-Full,skewed_groups,0.2317451881683128,0.35399061032863854,0.2899999999999999,0.3,0.7,24.953241865672847
Epsilon-Break,skewed_groups,0.4826029492624594,0.0,0.0,0.3,0.7,24.953241865672847
Epsilon-Full,skewed_groups,0.17218037733936611,0.7938967136150235,0.67,0.3,0.7,24.953241865672847
AVG,skewed_groups,0.4826029492624594,0.0,0.0,0.4,0.6,21.487513828773846
Worst,skewed_groups,0.4826029492624594,0.0,0.0,0.4,0.6,21.487513828773846
Fair-Break,skewed_groups,0.4826029492624594,0.0,0.0,0.4,0.6,21.487513828773846
Fair-Full,skewed_groups,0.0,0.9930327868852459,0.83,0.4,0.6,21.487513828773846
VanillaMC,skewed_groups,0.4826029492624594,0.0,0.0,0.4,0.6,21.487513828773846
FairMC,skewed_groups,0.26296219001995297,0.794672131147541,0.6699999999999999,0.4,0.6,21.487513828773846
EPIRA-Break,skewed_groups,0.4826029492624594,0.0,0.0,0.4,0.6,21.487513828773846
EPIRA-Full,skewed_groups,0.2317451881683128,0.24795081967213117,0.19999999999999996,0.4,0.6,21.487513828773846
Epsilon-Break,skewed_groups,0.4826029492624594,0.0,0.0,0.4,0.6,21.487513828773846
Epsilon-Full,skewed_groups,0.17218037733936611,0.8418032786885246,0.65,0.4,0.6,21.487513828773846
AVG,skewed_groups,0.4826029492624594,0.0,0.0,0.5,0.5,18.021785791874837
Worst,skewed_groups,0.4826029492624594,0.0,0.0,0.5,0.5,18.021785791874837
Fair-Break,skewed_groups,0.4826029492624594,0.0,0.0,0.5,0.5,18.021785791874837
Fair-Full,skewed_groups,0.0,0.9901960784313726,0.75,0.5,0.5,18.021785791874837
VanillaMC,skewed_groups,0.4826029492624594,0.0,0.0,0.5,0.5,18.021785791874837
FairMC,skewed_groups,0.2930274156764391,0.44000000000000006,0.43999999999999995,0.5,0.5,18.021785791874837
EPIRA-Break,skewed_groups,0.4826029492624594,0.0,0.0,0.5,0.5,18.021785791874837
EPIRA-Full,skewed_groups,0.2317451881683128,0.09999999999999998,0.09999999999999987,0.5,0.5,18.021785791874837
Epsilon-Break,skewed_groups,0.4826029492624594,0.0,0.0,0.5,0.5,18.021785791874837
Epsilon-Full,skewed_groups,0.17218037733936611,0.8690196078431373,0.6,0.5,0.5,18.021785791874837
AVG,skewed_groups,0.26507451061096166,0.0,0.0,0.6,0.4,14.545068494135228
Worst,skewed_groups,0.4826029492624594,0.0,0.0,0.6,0.4,14.545068494135228
Fair-Break,skewed_groups,0.06020483074496718,0.0,0.0,0.6,0.4,14.545068494135228
Fair-Full,skewed_groups,0.0,0.959349593495935,0.5900000000000001,0.6,0.4,14.545068494135228
VanillaMC,skewed_groups,0.16914319895209456,0.0,0.0,0.6,0.4,14.545068494135228
FairMC,skewed_groups,0.22872854839002138,0.0,0.0,0.6,0.4,14.545068494135228
EPIRA-Break,skewed_groups,0.23756634246974276,0.0,0.0,0.6,0.4,14.545068494135228
EPIRA-Full,skewed_groups,0.16066209695684666,0.0,0.0,0.6,0.4,14.545068494135228
Epsilon-Break,skewed_groups,0.2514071016213075,0.0,0.0,0.6,0.4,14.545068494135228
Epsilon-Full,skewed_groups,0.12688360678305763,0.8613821138211382,0.54,0.6,0.4,14.545068494135228
AVG,skewed_groups,0.17577957197060431,0.0,0.0,0.7,0.30000000000000004,11.0710307491833
Worst,skewed_groups,0.4826029492624594,0.0,0.0,0.7,0.30000000000000004,11.0710307491833
Fair-Break,skewed_groups,0.015160217954850178,0.0,0.0,0.7,0.30000000000000004,11.0710307491833
Fair-Full,skewed_groups,0.0,0.9746543778801844,0.45000000000000007,0.7,0.30000000000000004,11.0710307491833
VanillaMC,skewed_groups,0.04123965217505202,0.0,0.0,0.7,0.30000000000000004,11.0710307491833
FairMC,skewed_groups,0.27994686650636247,0.0,0.0,0.7,0.30000000000000004,11.0710307491833
EPIRA-Break,skewed_groups,0.14827140382938536,0.0,0.0,0.7,0.30000000000000004,11.0710307491833
EPIRA-Full,skewed_groups,0.11246704589422135,0.0,0.0,0.7,0.30000000000000004,11.0710307491833
Epsilon-Break,skewed_groups,0.21451010330644685,0.0,0.0,0.7,0.30000000000000004,11.0710307491833
Epsilon-Full,skewed_groups,0.12381136334809573,0.9110599078341014,0.45000000000000007,0.7,0.30000000000000004,11.0710307491833
AVG,skewed_groups,0.12598828351958594,0.0,0.0,0.8,0.19999999999999996,7.593098744442973
Worst,skewed_groups,0.4826029492624594,0.0,0.0,0.8,0.19999999999999996,7.593098744442973
Fair-Break,skewed_groups,0.00312284288962548,0.0,0.0,0.8,0.19999999999999996,7.593098744442973
Fair-Full,skewed_groups,0.0,0.9107142857142857,0.2899999999999999,0.8,0.19999999999999996,7.593098744442973
VanillaMC,skewed_groups,0.35010792617651637,0.0,0.0,0.8,0.19999999999999996,7.593098744442973
FairMC,skewed_groups,0.34773479706976035,0.0,0.0,0.8,0.19999999999999996,7.593098744442973
EPIRA-Break,skewed_groups,0.06605030136648897,0.0,0.0,0.8,0.19999999999999996,7.593098744442973
EPIRA-Full,skewed_groups,0.09054627496738164,0.0,0.0,0.8,0.19999999999999996,7.593098744442973
Epsilon-Break,skewed_groups,0.09763009229482036,0.0,0.0,0.8,0.19999999999999996,7.593098744442973
Epsilon-Full,skewed_groups,0.08229781018801703,0.8648809523809524,0.30999999999999994,0.8,0.19999999999999996,7.593098744442973
AVG,skewed_groups,0.10159688658467457,0.0,0.0,0.9,0.09999999999999998,4.096422734764315
Worst,skewed_groups,0.4826029492624594,0.0,0.0,0.9,0.09999999999999998,4.096422734764315
Fair-Break,skewed_groups,0.0002963095806166986,0.0,0.0,0.9,0.09999999999999998,4.096422734764315
Fair-Full,skewed_groups,0.0,0.9141414141414141,0.15000000000000002,0.9,0.09999999999999998,4.096422734764315
VanillaMC,skewed_groups,0.2914656949704087,0.0,0.0,0.9,0.09999999999999998,4.096422734764315
FairMC,skewed_groups,0.4164960078764892,0.0,0.0,0.9,0.09999999999999998,4.096422734764315
EPIRA-Break,skewed_groups,0.04785522334804682,0.0,0.0,0.9,0.09999999999999998,4.096422734764315
EPIRA-Full,skewed_groups,0.17112178613367027,0.0,0.0,0.9,0.09999999999999998,4.096422734764315
Epsilon-Break,skewed_groups,0.04101469278756061,0.0,0.0,0.9,0.09999999999999998,4.096422734764315
Epsilon-Full,skewed_groups,0.028675415571747458,0.8262626262626263,0.17000000000000004,0.9,0.09999999999999998,4.096422734764315
AVG,skewed_groups,0.08438359023814182,0.0,0.0,1.0,0.0,0.0
Worst,skewed_groups,0.4826029492624594,0.0,0.0,1.0,0.0,0.0
Fair-Break,skewed_groups,0.0,0.0,0.0,1.0,0.0,0.0
Fair-Full,skewed_groups,0.0,0.0,0.0,1.0,0.0,0.0
VanillaMC,skewed_groups,0.06270933130116854,0.0,0.0,1.0,0.0,0.0
FairMC,skewed_groups,0.06270933130116854,0.0,0.0,1.0,0.0,0.0
EPIRA-Break,skewed_groups,0.03064192700151407,0.0,0.0,1.0,0.0,0.0
EPIRA-Full,skewed_groups,0.23677283337989546,0.0,0.0,1.0,0.0,0.0
Epsilon-Break,skewed_groups,0.07670758671441562,0.0,0.0,1.0,0.0,0.0
Epsilon-Full,skewed_groups,0.07670758671441562,0.0,0.0,1.0,0.0,0.0
AVG,alternating_groups,0.1743650961307553,0.0,1.1102230246251565e-16,0.0,1.0,35.00385317267997
Worst,alternating_groups,0.1743650961307553,0.0,1.1102230246251565e-16,0.0,1.0,35.00385317267997
Fair-Break,alternating_groups,0.1743650961307553,0.0,1.1102230246251565e-16,0.0,1.0,35.00385317267997
Fair-Full,alternating_groups,0.004463266335925586,0.99,0.99,0.0,1.0,35.00385317267997
VanillaMC,alternating_groups,0.1743650961307553,0.0,1.1102230246251565e-16,0.0,1.0,35.00385317267997
FairMC,alternating_groups,0.17087237699435634,0.79,0.79,0.0,1.0,35.00385317267997
EPIRA-Break,alternating_groups,0.1743650961307553,0.0,1.1102230246251565e-16,0.0,1.0,35.00385317267997
EPIRA-Full,alternating_groups,0.05331726419127638,0.10999999999999999,0.1100000000000001,0.0,1.0,35.00385317267997
Epsilon-Break,alternating_groups,0.1743650961307553,0.0,1.1102230246251565e-16,0.0,1.0,35.00385317267997
Epsilon-Full,alternating_groups,0.14068288333685644,0.71,0.71,0.0,1.0,35.00385317267997
AVG,alternating_groups,0.1743650961307553,0.0,1.1102230246251565e-16,0.1,0.9,31.884697939470872
Worst,alternating_groups,0.1743650961307553,0.0,1.1102230246251565e-16,0.1,0.9,31.884697939470872
Fair-Break,alternating_groups,0.1743650961307553,0.0,1.1102230246251565e-16,0.1,0.9,31.884697939470872
Fair-Full,alternating_groups,0.004463266335925586,0.9835164835164835,0.94,0.1,0.9,31.884697939470872
VanillaMC,alternating_groups,0.1743650961307553,0.0,1.1102230246251565e-16,0.1,0.9,31.884697939470872
FairMC,alternating_groups,0.17087237699435634,0.8681318681318682,0.79,0.1,0.9,31.884697939470872
EPIRA-Break,alternating_groups,0.1743650961307553,0.0,1.1102230246251565e-16,0.1,0.9,31.884697939470872
EPIRA-Full,alternating_groups,0.05331726419127638,0.012087912087912045,0.02000000000000013,0.1,0.9,31.884697939470872
Epsilon-Break,alternating_groups,0.1743650961307553,0.0,1.1102230246251565e-16,0.1,0.9,31.884697939470872
Epsilon-Full,alternating_groups,0.14068288333685644,0.7384615384615385,0.69,0.1,0.9,31.884697939470872
AVG,alternating_groups,0.01732992381124168,0.0,0.0,0.2,0.8,28.41041254939433
Worst,alternating_groups,0.1743650961307553,0.0,0.0,0.2,0.8,28.41041254939433
Fair-Break,alternating_groups,0.005841378485701092,0.0,0.0,0.2,0.8,28.41041254939433
Fair-Full,alternating_groups,0.002145747417878047,0.9512345679012346,0.78,0.2,0.8,28.41041254939433
VanillaMC,alternating_groups,0.01502910009573048,0.0,0.0,0.2,0.8,28.41041254939433
FairMC,alternating_groups,0.17303444908784585,0.3580246913580247,0.29000000000000004,0.2,0.8,28.41041254939433
EPIRA-Break,alternating_groups,0.01732992381124168,0.0,0.0,0.2,0.8,28.41041254939433
EPIRA-Full,alternating_groups,0.048058758625864215,0.0,0.0,0.2,0.8,28.41041254939433
Epsilon-Break,alternating_groups,0.016604629902329967,0.0,0.0,0.2,0.8,28.41041254939433
Epsilon-Full,alternating_groups,0.01989788977565785,0.7580246913580246,0.69,0.2,0.8,28.41041254939433
AVG,alternating_groups,0.12907861744124802,0.0,0.0,0.3,0.7,24.944276899378583
Worst,alternating_groups,0.26675198006404416,0.0,0.0,0.3,0.7,24.944276899378583
Fair-Break,alternating_groups,0.005841378485701092,0.0,0.0,0.3,0.7,24.944276899378583
Fair-Full,alternating_groups,0.00041953395269559395,0.9892018779342723,0.77,0.3,0.7,24.944276899378583
VanillaMC,alternating_groups,0.05070055959524638,0.0,0.0,0.3,0.7,24.944276899378583
FairMC,alternating_groups,0.1731606141280095,0.8450704225352113,0.6000000000000001,0.3,0.7,24.944276899378583
EPIRA-Break,alternating_groups,0.04163246714693211,0.0,0.0,0.3,0.7,24.944276899378583
EPIRA-Full,alternating_groups,0.044043031583656,0.0,0.0,0.3,0.7,24.944276899378583
Epsilon-Break,alternating_groups,0.1375278365916899,0.0,0.0,0.3,0.7,24.944276899378583
Epsilon-Full,alternating_groups,0.11950583935486608,0.7938967136150235,0.67,0.3,0.7,24.944276899378583
AVG,alternating_groups,0.010153537881761996,0.0,0.0,0.4,0.6,21.476150786029915
Worst,alternating_groups,0.26675198006404416,0.0,0.0,0.4,0.6,21.476150786029915
Fair-Break,alternating_groups,0.001965331512531838,0.0,0.0,0.4,0.6,21.476150786029915
Fair-Full,alternating_groups,0.00017727011377350008,0.9852459016393442,0.6399999999999999,0.4,0.6,21.476150786029915
VanillaMC,alternating_groups,0.0036654275170235184,0.0,0.0,0.4,0.6,21.476150786029915
FairMC,alternating_groups,0.26649926040271077,0.21311475409836067,0.1299999999999999,0.4,0.6,21.476150786029915
EPIRA-Break,alternating_groups,0.010153537881761996,0.0,0.0,0.4,0.6,21.476150786029915
EPIRA-Full,alternating_groups,0.046272302879013585,0.0,0.0,0.4,0.6,21.476150786029915
Epsilon-Break,alternating_groups,0.06280248190645446,0.0,0.0,0.4,0.6,21.476150786029915
Epsilon-Full,alternating_groups,0.0578138930672869,0.8418032786885246,0.65,0.4,0.6,21.476150786029915
AVG,alternating_groups,0.005281064479563161,0.0,0.0,0.5,0.5,18.008589515445202
Worst,alternating_groups,0.34543363378589875,0.0,0.0,0.5,0.5,18.008589515445202
Fair-Break,alternating_groups,0.001965331512531838,0.0,0.0,0.5,0.5,18.008589515445202
Fair-Full,alternating_groups,0.0009560295974880261,0.9827450980392157,0.56,0.5,0.5,18.008589515445202
VanillaMC,alternating_groups,0.0414234694994686,0.0,0.0,0.5,0.5,18.008589515445202
FairMC,alternating_groups,0.2660914735839477,0.7843137254901961,0.4,0.5,0.5,18.008589515445202
EPIRA-Break,alternating_groups,0.005281064479563161,0.0,0.0,0.5,0.5,18.008589515445202
EPIRA-Full,alternating_groups,0.02516605530442756,0.0,0.0,0.5,0.5,18.008589515445202
Epsilon-Break,alternating_groups,0.06375151547917751,0.0,0.0,0.5,0.5,18.008589515445202
Epsilon-Full,alternating_groups,0.05448926893656692,0.8690196078431373,0.6,0.5,0.5,18.008589515445202
AVG,alternating_groups,0.0050119736442768865,0.0,0.0,0.6,0.4,14.539151764551935
Worst,alternating_groups,0.34543363378589875,0.0,0.0,0.6,0.4,14.539151764551935
Fair-Break,alternating_groups,0.0008216796057638265,0.0,0.0,0.6,0.4,14.539151764551935
Fair-Full,alternating_groups,0.0024328362455518135,0.9528455284552846,0.43000000000000005,0.6,0.4,14.539151764551935
VanillaMC,alternating_groups,0.06542821352161478,0.0,0.0,0.6,0.4,14.539151764551935
FairMC,alternating_groups,0.3453469338022131,0.14634146341463417,0.06000000000000005,0.6,0.4,14.539151764551935
EPIRA-Break,alternating_groups,0.0050119736442768865,0.0,0.0,0.6,0.4,14.539151764551935
EPIRA-Full,alternating_groups,0.03800386222603752,0.0,0.0,0.6,0.4,14.539151764551935
Epsilon-Break,alternating_groups,0.0109067645946378,0.0,0.0,0.6,0.4,14.539151764551935
Epsilon-Full,alternating_groups,0.008453275718333991,0.8613821138211382,0.54,0.6,0.4,14.539151764551935
AVG,alternating_groups,0.016302639678598334,0.0,0.0,0.7,0.30000000000000004,11.068300475058042
Worst,alternating_groups,0.4164960078764892,0.0,0.0,0.7,0.30000000000000004,11.068300475058042
Fair-Break,alternating_groups,0.0008216796057638265,0.0,0.0,0.7,0.30000000000000004,11.068300475058042
Fair-Full,alternating_groups,2.8880163971060425e-05,0.9700460829493087,0.35,0.7,0.30000000000000004,11.068300475058042
VanillaMC,alternating_groups,0.08583753681037481,0.0,0.0,0.7,0.30000000000000004,11.068300475058042
FairMC,alternating_groups,0.34515990363561194,0.6451612903225806,0.20000000000000007,0.7,0.30000000000000004,11.068300475058042
EPIRA-Break,alternating_groups,0.016302639678598334,0.0,0.0,0.7,0.30000000000000004,11.068300475058042
EPIRA-Full,alternating_groups,0.046269865059384595,0.0,0.0,0.7,0.30000000000000004,11.068300475058042
Epsilon-Break,alternating_groups,0.090020102754025,0.0,0.0,0.7,0.30000000000000004,11.068300475058042
Epsilon-Full,alternating_groups,0.07857558140900507,0.9110599078341014,0.45000000000000007,0.7,0.30000000000000004,11.068300475058042
AVG,alternating_groups,0.062316283439443225,0.0,0.0,0.8,0.19999999999999996,7.591594747493064
Worst,alternating_groups,0.4164960078764892,0.0,0.0,0.8,0.19999999999999996,7.591594747493064
Fair-Break,alternating_groups,0.0002963095806166986,0.0,0.0,0.8,0.19999999999999996,7.591594747493064
Fair-Full,alternating_groups,1.1537554684233315e-05,0.9047619047619048,0.18999999999999995,0.8,0.19999999999999996,7.591594747493064
VanillaMC,alternating_groups,0.013638453409997257,0.0,0.0,0.8,0.19999999999999996,7.591594747493064
FairMC,alternating_groups,0.41646470913088707,0.09523809523809523,0.019999999999999907,0.8,0.19999999999999996,7.591594747493064
EPIRA-Break,alternating_groups,0.008574620202815473,0.0,0.0,0.8,0.19999999999999996,7.591594747493064
EPIRA-Full,alternating_groups,0.07288334402364113,0.0,0.0,0.8,0.19999999999999996,7.591594747493064
Epsilon-Break,alternating_groups,0.0031626848666110844,0.0,0.0,0.8,0.19999999999999996,7.591594747493064
Epsilon-Full,alternating_groups,0.0009522729290796322,0.8648809523809524,0.30999999999999994,0.8,0.19999999999999996,7.591594747493064
AVG,alternating_groups,0.07940462842881199,0.0,0.0,0.9,0.09999999999999998,4.096422734764315
Worst,alternating_groups,0.4826029492624594,0.0,0.0,0.9,0.09999999999999998,4.096422734764315
Fair-Break,alternating_groups,0.0002963095806166986,0.0,0.0,0.9,0.09999999999999998,4.096422734764315
Fair-Full,alternating_groups,0.0,0.8232323232323232,0.14,0.9,0.09999999999999998,4.096422734764315
VanillaMC,alternating_groups,0.2216701025495653,0.0,0.0,0.9,0.09999999999999998,4.096422734764315
FairMC,alternating_groups,0.4164960078764892,0.0,0.0,0.9,0.09999999999999998,4.096422734764315
EPIRA-Break,alternating_groups,0.07940462842881199,0.0,0.0,0.9,0.09999999999999998,4.096422734764315
EPIRA-Full,alternating_groups,0.054895451984983024,0.0,0.0,0.9,0.09999999999999998,4.096422734764315
Epsilon-Break,alternating_groups,0.038677978470563,0.0,0.0,0.9,0.09999999999999998,4.096422734764315
Epsilon-Full,alternating_groups,0.03803049359287259,0.8262626262626263,0.17000000000000004,0.9,0.09999999999999998,4.096422734764315
AVG,alternating_groups,0.009582698844863504,0.0,0.0,1.0,0.0,0.0
Worst,alternating_groups,0.4826029492624594,0.0,0.0,1.0,0.0,0.0
Fair-Break,alternating_groups,0.0,0.0,0.0,1.0,0.0,0.0
Fair-Full,alternating_groups,0.0,0.0,0.0,1.0,0.0,0.0
VanillaMC,alternating_groups,0.011779343603919114,0.0,0.0,1.0,0.0,0.0
FairMC,alternating_groups,0.011779343603919114,0.0,0.0,1.0,0.0,0.0
EPIRA-Break,alternating_groups,0.009582698844863504,0.0,0.0,1.0,0.0,0.0
EPIRA-Full,alternating_groups,0.0722715250181859,0.0,0.0,1.0,0.0,0.0
Epsilon-Break,alternating_groups,0.010623106789956508,0.0,0.0,1.0,0.0,0.0
Epsilon-Full,alternating_groups,0.010623106789956508,0.0,0.0,1.0,0.0,0.0
AVG,skewed_groups,0.4826029492624594,0.0,1.1102230246251565e-16,0.0,1.0,35.00385317267997
Worst,skewed_groups,0.4826029492624594,0.0,1.1102230246251565e-16,0.0,1.0,35.00385317267997
Fair-Break,skewed_groups,0.4826029492624594,0.0,1.1102230246251565e-16,0.0,1.0,35.00385317267997
Fair-Full,skewed_groups,0.0,0.97,0.97,0.0,1.0,35.00385317267997
VanillaMC,skewed_groups,0.4826029492624594,0.0,1.1102230246251565e-16,0.0,1.0,35.00385317267997
FairMC,skewed_groups,0.14226102700842297,0.88,0.88,0.0,1.0,35.00385317267997
EPIRA-Break,skewed_groups,0.4826029492624594,0.0,1.1102230246251565e-16,0.0,1.0,35.00385317267997
EPIRA-Full,skewed_groups,0.2317451881683128,0.55,0.5499999999999999,0.0,1.0,35.00385317267997
Epsilon-Break,skewed_groups,0.4826029492624594,0.0,1.1102230246251565e-16,0.0,1.0,35.00385317267997
Epsilon-Full,skewed_groups,0.08687815018254665,0.65,0.6499999999999999,0.0,1.0,35.00385317267997
AVG,skewed_groups,0.4826029492624594,0.0,1.1102230246251565e-16,0.1,0.9,31.884697939470872
Worst,skewed_groups,0.4826029492624594,0.0,1.1102230246251565e-16,0.1,0.9,31.884697939470872
Fair-Break,skewed_groups,0.4826029492624594,0.0,1.1102230246251565e-16,0.1,0.9,31.884697939470872
Fair-Full,skewed_groups,0.0,0.9648351648351648,0.95,0.1,0.9,31.884697939470872
VanillaMC,skewed_groups,0.4826029492624594,0.0,1.1102230246251565e-16,0.1,0.9,31.884697939470872
FairMC,skewed_groups,0.17078982227645484,0.8681318681318682,0.88,0.1,0.9,31.884697939470872
EPIRA-Break,skewed_groups,0.4826029492624594,0.0,1.1102230246251565e-16,0.1,0.9,31.884697939470872
EPIRA-Full,skewed_groups,0.2317451881683128,0.4989010989010989,0.49,0.1,0.9,31.884697939470872
Epsilon-Break,skewed_groups,0.4826029492624594,0.0,1.1102230246251565e-16,0.1,0.9,31.884697939470872
Epsilon-Full,skewed_groups,0.08687815018254665,0.6747252747252748,0.65,0.1,0.9,31.884697939470872
AVG,skewed_groups,0.4826029492624594,0.0,0.0,0.2,0.8,28.41896990257186
Worst,skewed_groups,0.4826029492624594,0.0,0.0,0.2,0.8,28.41896990257186
Fair-Break,skewed_groups,0.4826029492624594,0.0,0.0,0.2,0.8,28.41896990257186
Fair-Full,skewed_groups,0.0,0.9703703703703703,0.9,0.2,0.8,28.41896990257186
VanillaMC,skewed_groups,0.4826029492624594,0.0,0.0,0.2,0.8,28.41896990257186
FairMC,skewed_groups,0.20050518006120133,0.8475308641975309,0.81,0.2,0.8,28.41896990257186
EPIRA-Break,skewed_groups,0.4826029492624594,0.0,0.0,0.2,0.8,28.41896990257186
EPIRA-Full,skewed_groups,0.2317451881683128,0.4345679012345679,0.3899999999999999,0.2,0.8,28.41896990257186
Epsilon-Break,skewed_groups,0.4826029492624594,0.0,0.0,0.2,0.8,28.41896990257186
Epsilon-Full,skewed_groups,0.08687815018254665,0.6709876543209876,0.61,0.2,0.8,28.41896990257186
AVG,skewed_groups,0.4826029492624594,0.0,0.0,0.3,0.7,24.953241865672847
Worst,skewed_groups,0.4826029492624594,0.0,0.0,0.3,0.7,24.953241865672847
Fair-Break,skewed_groups,0.4826029492624594,0.0,0.0,0.3,0.7,24.953241865672847
Fair-Full,skewed_groups,0.0,0.9661971830985916,0.86,0.3,0.7,24.953241865672847
VanillaMC,skewed_groups,0.4826029492624594,0.0,0.0,0.3,0.7,24.953241865672847
FairMC,skewed_groups,0.23448025310138315,0.8244131455399061,0.74,0.3,0.7,24.953241865672847
EPIRA-Break,skewed_groups,0.4826029492624594,0.0,0.0,0.3,0.7,24.953241865672847
EPIRA-Full,skewed_groups,0.2317451881683128,0.35399061032863854,0.2899999999999999,0.3,0.7,24.953241865672847
Epsilon-Break,skewed_groups,0.4826029492624594,0.0,0.0,0.3,0.7,24.953241865672847
Epsilon-Full,skewed_groups,0.08687815018254665,0.6798122065727699,0.56,0.3,0.7,24.953241865672847
AVG,skewed_groups,0.4826029492624594,0.0,0.0,0.4,0.6,21.487513828773846
Worst,skewed_groups,0.4826029492624594,0.0,0.0,0.4,0.6,21.487513828773846
Fair-Break,skewed_groups,0.4826029492624594,0.0,0.0,0.4,0.6,21.487513828773846
Fair-Full,skewed_groups,0.0,0.976639344262295,0.82,0.4,0.6,21.487513828773846
VanillaMC,skewed_groups,0.4826029492624594,0.0,0.0,0.4,0.6,21.487513828773846
FairMC,skewed_groups,0.26296219001995297,0.794672131147541,0.6699999999999999,0.4,0.6,21.487513828773846
EPIRA-Break,skewed_groups,0.4826029492624594,0.0,0.0,0.4,0.6,21.487513828773846
EPIRA-Full,skewed_groups,0.2317451881683128,0.24795081967213117,0.19999999999999996,0.4,0.6,21.487513828773846
Epsilon-Break,skewed_groups,0.4826029492624594,0.0,0.0,0.4,0.6,21.487513828773846
Epsilon-Full,skewed_groups,0.08687815018254665,0.6926229508196722,0.5199999999999999,0.4,0.6,21.487513828773846
AVG,skewed_groups,0.4826029492624594,0.0,0.0,0.5,0.5,18.021785791874837
Worst,skewed_groups,0.4826029492624594,0.0,0.0,0.5,0.5,18.021785791874837
Fair-Break,skewed_groups,0.4826029492624594,0.0,0.0,0.5,0.5,18.021785791874837
Fair-Full,skewed_groups,0.0,0.9705882352941176,0.74,0.5,0.5,18.021785791874837
VanillaMC,skewed_groups,0.4826029492624594,0.0,0.0,0.5,0.5,18.021785791874837
FairMC,skewed_groups,0.2930274156764391,0.44000000000000006,0.43999999999999995,0.5,0.5,18.021785791874837
EPIRA-Break,skewed_groups,0.4826029492624594,0.0,0.0,0.5,0.5,18.021785791874837
EPIRA-Full,skewed_groups,0.2317451881683128,0.09999999999999998,0.09999999999999987,0.5,0.5,18.021785791874837
Epsilon-Break,skewed_groups,0.4826029492624594,0.0,0.0,0.5,0.5,18.021785791874837
Epsilon-Full,skewed_groups,0.08687815018254665,0.7105882352941176,0.48,0.5,0.5,18.021785791874837
AVG,skewed_groups,0.2352942033686612,0.0,0.0,0.6,0.4,14.545068494135228
Worst,skewed_groups,0.4826029492624594,0.0,0.0,0.6,0.4,14.545068494135228
Fair-Break,skewed_groups,0.06020483074496718,0.0,0.0,0.6,0.4,14.545068494135228
Fair-Full,skewed_groups,0.0,0.9349593495934959,0.5800000000000001,0.6,0.4,14.545068494135228
VanillaMC,skewed_groups,0.21607366075767073,0.0,0.0,0.6,0.4,14.545068494135228
FairMC,skewed_groups,0.22872854839002138,0.0,0.0,0.6,0.4,14.545068494135228
EPIRA-Break,skewed_groups,0.2352942033686612,0.0,0.0,0.6,0.4,14.545068494135228
EPIRA-Full,skewed_groups,0.16066209695684666,0.0,0.0,0.6,0.4,14.545068494135228
Epsilon-Break,skewed_groups,0.26785503413097755,0.0,0.0,0.6,0.4,14.545068494135228
Epsilon-Full,skewed_groups,0.08050860104918903,0.6886178861788618,0.41999999999999993,0.6,0.4,14.545068494135228
AVG,skewed_groups,0.0593677205417986,0.0,0.0,0.7,0.30000000000000004,11.0710307491833
Worst,skewed_groups,0.4826029492624594,0.0,0.0,0.7,0.30000000000000004,11.0710307491833
Fair-Break,skewed_groups,0.015160217954850178,0.0,0.0,0.7,0.30000000000000004,11.0710307491833
Fair-Full,skewed_groups,0.0,0.9746543778801844,0.45000000000000007,0.7,0.30000000000000004,11.0710307491833
VanillaMC,skewed_groups,0.0412395476137395,0.0,0.0,0.7,0.30000000000000004,11.0710307491833
FairMC,skewed_groups,0.27994686650636247,0.0,0.0,0.7,0.30000000000000004,11.0710307491833
EPIRA-Break,skewed_groups,0.0593677205417986,0.0,0.0,0.7,0.30000000000000004,11.0710307491833
EPIRA-Full,skewed_groups,0.11246704589422135,0.0,0.0,0.7,0.30000000000000004,11.0710307491833
Epsilon-Break,skewed_groups,0.061363012635878164,0.0,0.0,0.7,0.30000000000000004,11.0710307491833
Epsilon-Full,skewed_groups,0.017727092675279006,0.6520737327188939,0.3500000000000001,0.7,0.30000000000000004,11.0710307491833
AVG,skewed_groups,0.035159359550439064,0.0,0.0,0.8,0.19999999999999996,7.593098744442973
Worst,skewed_groups,0.4826029492624594,0.0,0.0,0.8,0.19999999999999996,7.593098744442973
Fair-Break,skewed_groups,0.00312284288962548,0.0,0.0,0.8,0.19999999999999996,7.593098744442973
Fair-Full,skewed_groups,0.0,0.9107142857142857,0.2899999999999999,0.8,0.19999999999999996,7.593098744442973
VanillaMC,skewed_groups,0.29349089923612587,0.0,0.0,0.8,0.19999999999999996,7.593098744442973
FairMC,skewed_groups,0.34773479706976035,0.0,0.0,0.8,0.19999999999999996,7.593098744442973
EPIRA-Break,skewed_groups,0.035159359550439064,0.0,0.0,0.8,0.19999999999999996,7.593098744442973
EPIRA-Full,skewed_groups,0.09054627496738164,0.0,0.0,0.8,0.19999999999999996,7.593098744442973
Epsilon-Break,skewed_groups,0.04561157403431138,0.0,0.0,0.8,0.19999999999999996,7.593098744442973
Epsilon-Full,skewed_groups,0.03172634777324704,0.6726190476190477,0.23999999999999988,0.8,0.19999999999999996,7.593098744442973
AVG,skewed_groups,0.012277488370111068,0.0,0.0,0.9,0.09999999999999998,4.096422734764315
Worst,skewed_groups,0.4826029492624594,0.0,0.0,0.9,0.09999999999999998,4.096422734764315
Fair-Break,skewed_groups,0.0002963095806166986,0.0,0.0,0.9,0.09999999999999998,4.096422734764315
Fair-Full,skewed_groups,0.0,0.8232323232323232,0.14,0.9,0.09999999999999998,4.096422734764315
VanillaMC,skewed_groups,0.28475600372030124,0.0,0.0,0.9,0.09999999999999998,4.096422734764315
FairMC,skewed_groups,0.4164960078764892,0.0,0.0,0.9,0.09999999999999998,4.096422734764315
EPIRA-Break,skewed_groups,0.012277488370111068,0.0,0.0,0.9,0.09999999999999998,4.096422734764315
EPIRA-Full,skewed_groups,0.17112178613367027,0.0,0.0,0.9,0.09999999999999998,4.096422734764315
Epsilon-Break,skewed_groups,0.016642501597254174,0.0,0.0,0.9,0.09999999999999998,4.096422734764315
Epsilon-Full,skewed_groups,0.012112835696583286,0.6434343434343435,0.1399999999999999,0.9,0.09999999999999998,4.096422734764315
AVG,skewed_groups,0.003658020091173929,0.0,0.0,1.0,0.0,0.0
Worst,skewed_groups,0.4826029492624594,0.0,0.0,1.0,0.0,0.0
Fair-Break,skewed_groups,0.0,0.0,0.0,1.0,0.0,0.0
Fair-Full,skewed_groups,0.0,0.0,0.0,1.0,0.0,0.0
VanillaMC,skewed_groups,0.01623847553747585,0.0,0.0,1.0,0.0,0.0
FairMC,skewed_groups,0.01623847553747585,0.0,0.0,1.0,0.0,0.0
EPIRA-Break,skewed_groups,0.003658020091173929,0.0,0.0,1.0,0.0,0.0
EPIRA-Full,skewed_groups,0.23677283337989546,0.0,0.0,1.0,0.0,0.0
Epsilon-Break,skewed_groups,0.04785876230582751,0.0,0.0,1.0,0.0,0.0
Epsilon-Full,skewed_groups,0.04785876230582751,0.0,0.0,1.0,0.0,0.0
AVG,alternating_groups,0.1743650961307553,0.0,1.1102230246251565e-16,0.0,1.0,35.00385317267997
Worst,alternating_groups,0.1743650961307553,0.0,1.1102230246251565e-16,0.0,1.0,35.00385317267997
Fair-Break,alternating_groups,0.1743650961307553,0.0,1.1102230246251565e-16,0.0,1.0,35.00385317267997
Fair-Full,alternating_groups,0.004463266335925586,0.99,0.99,0.0,1.0,35.00385317267997
VanillaMC,alternating_groups,0.1743650961307553,0.0,1.1102230246251565e-16,0.0,1.0,35.00385317267997
FairMC,alternating_groups,0.17087237699435634,0.79,0.79,0.0,1.0,35.00385317267997
EPIRA-Break,alternating_groups,0.1743650961307553,0.0,1.1102230246251565e-16,0.0,1.0,35.00385317267997
EPIRA-Full,alternating_groups,0.05331726419127638,0.10999999999999999,0.1100000000000001,0.0,1.0,35.00385317267997
Epsilon-Break,alternating_groups,0.1743650961307553,0.0,1.1102230246251565e-16,0.0,1.0,35.00385317267997
Epsilon-Full,alternating_groups,0.027060487645031703,0.65,0.6499999999999999,0.0,1.0,35.00385317267997
AVG,alternating_groups,0.1743650961307553,0.0,1.1102230246251565e-16,0.1,0.9,31.884697939470872
Worst,alternating_groups,0.1743650961307553,0.0,1.1102230246251565e-16,0.1,0.9,31.884697939470872
Fair-Break,alternating_groups,0.1743650961307553,0.0,1.1102230246251565e-16,0.1,0.9,31.884697939470872
Fair-Full,alternating_groups,0.004463266335925586,0.9835164835164835,0.94,0.1,0.9,31.884697939470872
VanillaMC,alternating_groups,0.1743650961307553,0.0,1.1102230246251565e-16,0.1,0.9,31.884697939470872
FairMC,alternating_groups,0.17087237699435634,0.8681318681318682,0.79,0.1,0.9,31.884697939470872
EPIRA-Break,alternating_groups,0.1743650961307553,0.0,1.1102230246251565e-16,0.1,0.9,31.884697939470872
EPIRA-Full,alternating_groups,0.05331726419127638,0.012087912087912045,0.02000000000000013,0.1,0.9,31.884697939470872
Epsilon-Break,alternating_groups,0.1743650961307553,0.0,1.1102230246251565e-16,0.1,0.9,31.884697939470872
Epsilon-Full,alternating_groups,0.027060487645031703,0.6747252747252748,0.65,0.1,0.9,31.884697939470872
AVG,alternating_groups,0.06797662597118591,0.0,0.0,0.2,0.8,28.41041254939433
Worst,alternating_groups,0.1743650961307553,0.0,0.0,0.2,0.8,28.41041254939433
Fair-Break,alternating_groups,0.005841378485701092,0.0,0.0,0.2,0.8,28.41041254939433
Fair-Full,alternating_groups,0.002145747417878047,0.9512345679012346,0.78,0.2,0.8,28.41041254939433
VanillaMC,alternating_groups,0.06336840209560092,0.0,0.0,0.2,0.8,28.41041254939433
FairMC,alternating_groups,0.17303444908784585,0.3580246913580247,0.29000000000000004,0.2,0.8,28.41041254939433
EPIRA-Break,alternating_groups,0.014234962734558161,0.0,0.0,0.2,0.8,28.41041254939433
EPIRA-Full,alternating_groups,0.048058758625864215,0.0,0.0,0.2,0.8,28.41041254939433
Epsilon-Break,alternating_groups,0.014884961338736376,0.0,0.0,0.2,0.8,28.41041254939433
Epsilon-Full,alternating_groups,0.015072715344267715,0.6709876543209876,0.61,0.2,0.8,28.41041254939433
AVG,alternating_groups,0.020307440948450415,0.0,0.0,0.3,0.7,24.944276899378583
Worst,alternating_groups,0.26675198006404416,0.0,0.0,0.3,0.7,24.944276899378583
Fair-Break,alternating_groups,0.005841378485701092,0.0,0.0,0.3,0.7,24.944276899378583
Fair-Full,alternating_groups,0.00041953395269559395,0.9892018779342723,0.77,0.3,0.7,24.944276899378583
VanillaMC,alternating_groups,0.05437863571666936,0.0,0.0,0.3,0.7,24.944276899378583
FairMC,alternating_groups,0.1731606141280095,0.8450704225352113,0.6000000000000001,0.3,0.7,24.944276899378583
EPIRA-Break,alternating_groups,0.020307440948450415,0.0,0.0,0.3,0.7,24.944276899378583
EPIRA-Full,alternating_groups,0.044043031583656,0.0,0.0,0.3,0.7,24.944276899378583
Epsilon-Break,alternating_groups,0.11649362718168262,0.0,0.0,0.3,0.7,24.944276899378583
Epsilon-Full,alternating_groups,0.1379809317110693,0.6798122065727699,0.56,0.3,0.7,24.944276899378583
AVG,alternating_groups,0.01958757444889584,0.0,0.0,0.4,0.6,21.476150786029915
Worst,alternating_groups,0.26675198006404416,0.0,0.0,0.4,0.6,21.476150786029915
Fair-Break,alternating_groups,0.001965331512531838,0.0,0.0,0.4,0.6,21.476150786029915
Fair-Full,alternating_groups,0.00016857407880449502,0.9852459016393442,0.6399999999999999,0.4,0.6,21.476150786029915
VanillaMC,alternating_groups,0.01135112754830708,0.0,0.0,0.4,0.6,21.476150786029915
FairMC,alternating_groups,0.26649926040271077,0.21311475409836067,0.1299999999999999,0.4,0.6,21.476150786029915
EPIRA-Break,alternating_groups,0.01958757444889584,0.0,0.0,0.4,0.6,21.476150786029915
EPIRA-Full,alternating_groups,0.046272302879013585,0.0,0.0,0.4,0.6,21.476150786029915
Epsilon-Break,alternating_groups,0.0779763240751553,0.0,0.0,0.4,0.6,21.476150786029915
Epsilon-Full,alternating_groups,0.0789635480573009,0.6926229508196722,0.5199999999999999,0.4,0.6,21.476150786029915
AVG,alternating_groups,0.034577103589367456,0.0,0.0,0.5,0.5,18.008589515445202
Worst,alternating_groups,0.34543363378589875,0.0,0.0,0.5,0.5,18.008589515445202
Fair-Break,alternating_groups,0.001965331512531838,0.0,0.0,0.5,0.5,18.008589515445202
Fair-Full,alternating_groups,0.0009560295974880261,0.9827450980392157,0.56,0.5,0.5,18.008589515445202
VanillaMC,alternating_groups,0.011782476559408488,0.0,0.0,0.5,0.5,18.008589515445202
FairMC,alternating_groups,0.2660914735839477,0.7843137254901961,0.4,0.5,0.5,18.008589515445202
EPIRA-Break,alternating_groups,0.034577103589367456,0.0,0.0,0.5,0.5,18.008589515445202
EPIRA-Full,alternating_groups,0.02516605530442756,0.0,0.0,0.5,0.5,18.008589515445202
Epsilon-Break,alternating_groups,0.04478303633256052,0.0,0.0,0.5,0.5,18.008589515445202
Epsilon-Full,alternating_groups,0.16521610605640255,0.7105882352941176,0.48,0.5,0.5,18.008589515445202
AVG,alternating_groups,0.017325550337423803,0.0,0.0,0.6,0.4,14.539151764551935
Worst,alternating_groups,0.34543363378589875,0.0,0.0,0.6,0.4,14.539151764551935
Fair-Break,alternating_groups,0.0008216796057638265,0.0,0.0,0.6,0.4,14.539151764551935
Fair-Full,alternating_groups,0.0024328362455518135,0.9528455284552846,0.43000000000000005,0.6,0.4,14.539151764551935
VanillaMC,alternating_groups,0.006667160337474435,0.0,0.0,0.6,0.4,14.539151764551935
FairMC,alternating_groups,0.3453469338022131,0.14634146341463417,0.06000000000000005,0.6,0.4,14.539151764551935
EPIRA-Break,alternating_groups,0.017325550337423803,0.0,0.0,0.6,0.4,14.539151764551935
EPIRA-Full,alternating_groups,0.03800386222603752,0.0,0.0,0.6,0.4,14.539151764551935
Epsilon-Break,alternating_groups,0.002718337550828574,0.0,0.0,0.6,0.4,14.539151764551935
Epsilon-Full,alternating_groups,0.011545091092820077,0.6886178861788618,0.41999999999999993,0.6,0.4,14.539151764551935
AVG,alternating_groups,0.06100387588478894,0.0,0.0,0.7,0.30000000000000004,11.068300475058042
Worst,alternating_groups,0.4164960078764892,0.0,0.0,0.7,0.30000000000000004,11.068300475058042
Fair-Break,alternating_groups,0.0008216796057638265,0.0,0.0,0.7,0.30000000000000004,11.068300475058042
Fair-Full,alternating_groups,2.8880163971060425e-05,0.9700460829493087,0.35,0.7,0.30000000000000004,11.068300475058042
VanillaMC,alternating_groups,0.09469246026005225,0.0,0.0,0.7,0.30000000000000004,11.068300475058042
FairMC,alternating_groups,0.34515990363561194,0.6451612903225806,0.20000000000000007,0.7,0.30000000000000004,11.068300475058042
EPIRA-Break,alternating_groups,0.06100387588478894,0.0,0.0,0.7,0.30000000000000004,11.068300475058042
EPIRA-Full,alternating_groups,0.046269865059384595,0.0,0.0,0.7,0.30000000000000004,11.068300475058042
Epsilon-Break,alternating_groups,0.01656140360786356,0.0,0.0,0.7,0.30000000000000004,11.068300475058042
Epsilon-Full,alternating_groups,0.0044919019046715716,0.6520737327188939,0.3500000000000001,0.7,0.30000000000000004,11.068300475058042
AVG,alternating_groups,0.007351980321580274,0.0,0.0,0.8,0.19999999999999996,7.591594747493064
Worst,alternating_groups,0.4164960078764892,0.0,0.0,0.8,0.19999999999999996,7.591594747493064
Fair-Break,alternating_groups,0.0002963095806166986,0.0,0.0,0.8,0.19999999999999996,7.591594747493064
Fair-Full,alternating_groups,7.48715365060231e-06,0.9523809523809523,0.19999999999999996,0.8,0.19999999999999996,7.591594747493064
VanillaMC,alternating_groups,0.05742461963380596,0.0,0.0,0.8,0.19999999999999996,7.591594747493064
FairMC,alternating_groups,0.41646470913088707,0.09523809523809523,0.019999999999999907,0.8,0.19999999999999996,7.591594747493064
EPIRA-Break,alternating_groups,0.007351980321580274,0.0,0.0,0.8,0.19999999999999996,7.591594747493064
EPIRA-Full,alternating_groups,0.07288334402364113,0.0,0.0,0.8,0.19999999999999996,7.591594747493064
Epsilon-Break,alternating_groups,0.013447071703978498,0.0,0.0,0.8,0.19999999999999996,7.591594747493064
Epsilon-Full,alternating_groups,0.013808269305965386,0.6726190476190477,0.23999999999999988,0.8,0.19999999999999996,7.591594747493064
AVG,alternating_groups,0.01519305563828019,0.0,0.0,0.9,0.09999999999999998,4.096422734764315
Worst,alternating_groups,0.4826029492624594,0.0,0.0,0.9,0.09999999999999998,4.096422734764315
Fair-Break,alternating_groups,0.0002963095806166986,0.0,0.0,0.9,0.09999999999999998,4.096422734764315
Fair-Full,alternating_groups,0.0,0.8232323232323232,0.14,0.9,0.09999999999999998,4.096422734764315
VanillaMC,alternating_groups,0.22025850198906172,0.0,0.0,0.9,0.09999999999999998,4.096422734764315
FairMC,alternating_groups,0.4164960078764892,0.0,0.0,0.9,0.09999999999999998,4.096422734764315
EPIRA-Break,alternating_groups,0.01519305563828019,0.0,0.0,0.9,0.09999999999999998,4.096422734764315
EPIRA-Full,alternating_groups,0.054895451984983024,0.0,0.0,0.9,0.09999999999999998,4.096422734764315
Epsilon-Break,alternating_groups,0.024219382929337105,0.0,0.0,0.9,0.09999999999999998,4.096422734764315
Epsilon-Full,alternating_groups,0.01689128512218226,0.6434343434343435,0.1399999999999999,0.9,0.09999999999999998,4.096422734764315
AVG,alternating_groups,0.07239497095151645,0.0,0.0,1.0,0.0,0.0
Worst,alternating_groups,0.4826029492624594,0.0,0.0,1.0,0.0,0.0
Fair-Break,alternating_groups,0.0,0.0,0.0,1.0,0.0,0.0
Fair-Full,alternating_groups,0.0,0.0,0.0,1.0,0.0,0.0
VanillaMC,alternating_groups,0.12592088725020725,0.0,0.0,1.0,0.0,0.0
FairMC,alternating_groups,0.12592088725020725,0.0,0.0,1.0,0.0,0.0
EPIRA-Break,alternating_groups,0.018653307714888715,0.0,0.0,1.0,0.0,0.0
EPIRA-Full,alternating_groups,0.0722715250181859,0.0,0.0,1.0,0.0,0.0
Epsilon-Break,alternating_groups,0.07400504268461622,0.0,0.0,1.0,0.0,0.0
Epsilon-Full,alternating_groups,0.07400504268461622,0.0,0.0,1.0,0.0,0.0
